jahr;quelle;schlagwort;anzahl;autor;autor_anzahl;rubrik;rubrik_anzahl
2001;SPIEGEL;aggression;4;;;;
;;;;keinAutor;3;;
;;;;Uwe Buse;1;;
;;;;Fiona Ehlers;1;;
;;;;Lothar Gorris;1;;
;;;;Ullrich Fichtner;1;;
;;;;Hauke Goos;1;;
;;;;Ralf Hoppe;1;;
;;;;Thomas Hüetlin;1;;
;;;;Ansbert Kneip;1;;
;;;;Dirk Kurbjuweit;1;;
;;;;Alexander Osang;1;;
;;;;Cordt Schnibben;1;;
;;;;Alexander Smoltczyk;1;;
;;;;Holger Stark;1;;
;;;;Barbara Supp;1;;
;;;;;;politik;3
;;;;;;panorama;1
2001;SPIEGEL;aktion;44;;;;
;;;;keinAutor;22;;
;;;;Carolin Emcke;2;;
;;;;Hans Hoyng;3;;
;;;;Dirk Koch;3;;
;;;;Stefan Simons;2;;
;;;;Gerhard Spörl;5;;
;;;;Georg Mascolo;4;;
;;;;Cordula Meyer;2;;
;;;;Sven Röbel;1;;
;;;;Andreas Ulrich;2;;
;;;;Siegesmund von Ilsemann;4;;
;;;;Jörg R. Mettke;3;;
;;;;Hans-Jürgen Jakobs;1;;
;;;;Marcel Rosenbach;1;;
;;;;Klaus Brinkbäumer;2;;
;;;;Erich Follath;1;;
;;;;Olaf Ihlau;3;;
;;;;Gunther Latsch;2;;
;;;;Christian Neef;3;;
;;;;Erich Wiedemann;1;;
;;;;Volkhard Windfuhr;2;;
;;;;Dinah Deckstein;1;;
;;;;Alexander Jung;2;;
;;;;Heiko Martens;1;;
;;;;Jan Fleischhauer;1;;
;;;;Padma Rao;1;;
;;;;Carlos Widmann;1;;
;;;;Klaus Wiegrefe;1;;
;;;;Ralf Beste;1;;
;;;;Horand Knaup;2;;
;;;;Alexander Neubacher;1;;
;;;;Hartmut Palmer;1;;
;;;;Gerd Rosenkranz;2;;
;;;;Gabor Steingart;1;;
;;;;Alexander Szandar;2;;
;;;;Dominik Cziesche;2;;
;;;;Rüdiger Falksohn;1;;
;;;;Uwe Buse;1;;
;;;;Fiona Ehlers;1;;
;;;;Lothar Gorris;1;;
;;;;Ullrich Fichtner;1;;
;;;;Hauke Goos;1;;
;;;;Ralf Hoppe;1;;
;;;;Thomas Hüetlin;1;;
;;;;Ansbert Kneip;1;;
;;;;Dirk Kurbjuweit;1;;
;;;;Alexander Osang;1;;
;;;;Cordt Schnibben;1;;
;;;;Alexander Smoltczyk;1;;
;;;;Holger Stark;2;;
;;;;Barbara Supp;1;;
;;;;Rüdiger Scheidges;1;;
;;;;Thomas Darnstädt;1;;
;;;;Julia Koch;1;;
;;;;Joachim Mohr;1;;
;;;;Conny Neumann;1;;
;;;;Peter Wensierski;1;;
;;;;Klaus-Peter Kerbusk;1;;
;;;;Thomas Tuma;1;;
;;;;Henryk M. Broder;1;;
;;;;;;politik;35
;;;;;;wirtschaft;6
;;;;;;panorama;3
2001;SPIEGEL;angriff;65;;;;
;;;;Carolin Emcke;1;;
;;;;Hans Hoyng;5;;
;;;;Dirk Koch;4;;
;;;;Stefan Simons;2;;
;;;;Gerhard Spörl;7;;
;;;;Georg Mascolo;1;;
;;;;Cordula Meyer;3;;
;;;;Sven Röbel;2;;
;;;;Andreas Ulrich;2;;
;;;;Ralf Beste;3;;
;;;;Jürgen Hogrefe;2;;
;;;;Horand Knaup;3;;
;;;;Jürgen Leinemann;2;;
;;;;Holger Stark;3;;
;;;;Alexander Szandar;3;;
;;;;Beat Balzli;1;;
;;;;Jan Fleischhauer;2;;
;;;;Jan Dirk Herbermann;1;;
;;;;Alexander Jung;2;;
;;;;Wolfgang Reuter;1;;
;;;;Ulrich Schäfer;1;;
;;;;Michaela Schießl;1;;
;;;;Gabor Steingart;1;;
;;;;keinAutor;27;;
;;;;Erich Follath;1;;
;;;;Gunther Latsch;2;;
;;;;Konstantin von Hammerstein;1;;
;;;;Frank Hornig;1;;
;;;;Siegesmund von Ilsemann;8;;
;;;;Jörg R. Mettke;2;;
;;;;Dieter Bednarz;2;;
;;;;Martin Doerry;1;;
;;;;Hans-Jürgen Jakobs;1;;
;;;;Marcel Rosenbach;1;;
;;;;Jörg Blech;1;;
;;;;Rafaela von Bredow;1;;
;;;;Christian Neef;5;;
;;;;Erich Wiedemann;2;;
;;;;Volkhard Windfuhr;2;;
;;;;Gerd Rosenkranz;2;;
;;;;Hartmut Palmer;1;;
;;;;Stefan Aust;1;;
;;;;Ulrich Deupmann;3;;
;;;;Annette Großbongardt;2;;
;;;;Ralf Hoppe;5;;
;;;;Claus Christian Malzahn;1;;
;;;;Alexander Smoltczyk;6;;
;;;;Jürgen Dahlkamp;1;;
;;;;Matthias Gebauer;1;;
;;;;Thomas Hüetlin;4;;
;;;;Alexander Osang;4;;
;;;;Dominik Cziesche;1;;
;;;;Olaf Ihlau;3;;
;;;;Birgit Schwarz;1;;
;;;;Uwe Buse;4;;
;;;;Ullrich Fichtner;4;;
;;;;Dirk Kurbjuweit;5;;
;;;;Walter Mayr;2;;
;;;;Klaus Wiegrefe;1;;
;;;;Susanne Koelbl;1;;
;;;;Thilo Thielke;1;;
;;;;Manfred Ertel;1;;
;;;;Lars-Olav Beier;1;;
;;;;Urs Jenny;1;;
;;;;Helmut Sorge;1;;
;;;;Martin Wolf;1;;
;;;;Fiona Ehlers;3;;
;;;;Lothar Gorris;3;;
;;;;Hauke Goos;3;;
;;;;Ansbert Kneip;3;;
;;;;Cordt Schnibben;3;;
;;;;Barbara Supp;3;;
;;;;Armin Mahler;1;;
;;;;Sandra Schulz;1;;
;;;;Klaus Brinkbäumer;1;;
;;;;Henryk M. Broder;1;;
;;;;;;politik;57
;;;;;;wissenschaft;1
;;;;;;panorama;2
;;;;;;wirtschaft;2
;;;;;;kultur;3
2001;SPIEGEL;anschlag;93;;;;
;;;;keinAutor;50;;
;;;;Carolin Emcke;1;;
;;;;Hans Hoyng;2;;
;;;;Dirk Koch;3;;
;;;;Stefan Simons;2;;
;;;;Gerhard Spörl;4;;
;;;;Georg Mascolo;6;;
;;;;Cordula Meyer;4;;
;;;;Sven Röbel;3;;
;;;;Andreas Ulrich;4;;
;;;;Ralf Beste;2;;
;;;;Jürgen Hogrefe;2;;
;;;;Horand Knaup;2;;
;;;;Jürgen Leinemann;1;;
;;;;Holger Stark;4;;
;;;;Alexander Szandar;1;;
;;;;Beat Balzli;4;;
;;;;Jan Fleischhauer;3;;
;;;;Jan Dirk Herbermann;2;;
;;;;Alexander Jung;3;;
;;;;Wolfgang Reuter;6;;
;;;;Ulrich Schäfer;1;;
;;;;Michaela Schießl;2;;
;;;;Gabor Steingart;1;;
;;;;Erich Follath;3;;
;;;;Gunther Latsch;2;;
;;;;Konstantin von Hammerstein;1;;
;;;;Frank Hornig;1;;
;;;;Klaus Brinkbäumer;5;;
;;;;Dominik Cziesche;3;;
;;;;Carsten Holm;1;;
;;;;Udo Ludwig;1;;
;;;;Barbara Schmid;1;;
;;;;Caroline Schmidt;1;;
;;;;Siegesmund von Ilsemann;1;;
;;;;Jörg R. Mettke;1;;
;;;;Dieter Bednarz;1;;
;;;;Martin Doerry;1;;
;;;;Christian Reiermann;1;;
;;;;Klaus-Peter Kerbusk;3;;
;;;;Hans-Jürgen Jakobs;1;;
;;;;Marcel Rosenbach;1;;
;;;;Marianne Wellershoff;4;;
;;;;Martin Wolf;1;;
;;;;Olaf Ihlau;1;;
;;;;Erich Wiedemann;1;;
;;;;Volkhard Windfuhr;4;;
;;;;Dietmar Pieper;1;;
;;;;Adel S. Elias;1;;
;;;;Christoph Pauly;1;;
;;;;Hilmar Schmundt;1;;
;;;;Christoph Seidler;1;;
;;;;Manfred Müller;1;;
;;;;Ulrich Schwarz;1;;
;;;;Hartmut Palmer;1;;
;;;;Gerd Rosenkranz;1;;
;;;;Bernhard Zand;1;;
;;;;Markus Dettmer;1;;
;;;;Sylvia Schreiber;1;;
;;;;Jürgen Dahlkamp;2;;
;;;;Matthias Gebauer;1;;
;;;;Ulrike Knöfel;2;;
;;;;Alexander Osang;6;;
;;;;Thomas Hüetlin;5;;
;;;;Annette Großbongardt;2;;
;;;;Philip Bethge;1;;
;;;;Marco Evers;1;;
;;;;Alexander Smoltczyk;4;;
;;;;Birgit Schwarz;1;;
;;;;Uwe Buse;4;;
;;;;Ullrich Fichtner;4;;
;;;;Ulrich Deupmann;1;;
;;;;Christoph Dallach;1;;
;;;;Fiona Ehlers;3;;
;;;;Lothar Gorris;3;;
;;;;Hauke Goos;3;;
;;;;Ralf Hoppe;3;;
;;;;Ansbert Kneip;3;;
;;;;Dirk Kurbjuweit;3;;
;;;;Cordt Schnibben;3;;
;;;;Barbara Supp;3;;
;;;;Armin Mahler;1;;
;;;;;;politik;61
;;;;;;wirtschaft;12
;;;;;;kultur;7
;;;;;;panorama;7
;;;;;;wissenschaft;5
;;;;;;sport;1
2001;SPIEGEL;attacke;32;;;;
;;;;Carolin Emcke;1;;
;;;;Hans Hoyng;2;;
;;;;Dirk Koch;1;;
;;;;Stefan Simons;1;;
;;;;Gerhard Spörl;3;;
;;;;Georg Mascolo;3;;
;;;;Cordula Meyer;4;;
;;;;Sven Röbel;1;;
;;;;Andreas Ulrich;3;;
;;;;keinAutor;15;;
;;;;Erich Follath;1;;
;;;;Gunther Latsch;1;;
;;;;Dieter Bednarz;1;;
;;;;Martin Doerry;1;;
;;;;Jörg Blech;2;;
;;;;Rafaela von Bredow;2;;
;;;;Marianne Wellershoff;1;;
;;;;Martin Wolf;1;;
;;;;Erich Wiedemann;1;;
;;;;Volkhard Windfuhr;1;;
;;;;Christoph Pauly;1;;
;;;;Wolfgang Reuter;1;;
;;;;Annette Großbongardt;1;;
;;;;Ralf Hoppe;2;;
;;;;Siegesmund von Ilsemann;2;;
;;;;Claus Christian Malzahn;1;;
;;;;Alexander Smoltczyk;2;;
;;;;Klaus Brinkbäumer;3;;
;;;;Georg Bönisch;1;;
;;;;Dominik Cziesche;2;;
;;;;Udo Ludwig;1;;
;;;;Conny Neumann;1;;
;;;;Barbara Schmid;1;;
;;;;Philip Bethge;1;;
;;;;Marco Evers;1;;
;;;;Gerald Traufetter;1;;
;;;;Thomas Hüetlin;2;;
;;;;Alexander Osang;2;;
;;;;Olaf Ihlau;1;;
;;;;Christian Neef;1;;
;;;;Ralf Beste;1;;
;;;;Petra Bornhöft;1;;
;;;;Ulrich Deupmann;1;;
;;;;Horand Knaup;1;;
;;;;Hartmut Palmer;1;;
;;;;Alexander Szandar;1;;
;;;;Uwe Buse;1;;
;;;;Fiona Ehlers;1;;
;;;;Ullrich Fichtner;1;;
;;;;Hauke Goos;1;;
;;;;Lothar Gorris;1;;
;;;;Ansbert Kneip;1;;
;;;;Dirk Kurbjuweit;1;;
;;;;Cordt Schnibben;1;;
;;;;Barbara Supp;1;;
;;;;;;politik;22
;;;;;;wissenschaft;4
;;;;;;kultur;3
;;;;;;wirtschaft;1
;;;;;;panorama;2
2001;SPIEGEL;attentat;45;;;;
;;;;Carolin Emcke;1;;
;;;;Hans Hoyng;1;;
;;;;Dirk Koch;1;;
;;;;Stefan Simons;2;;
;;;;Gerhard Spörl;1;;
;;;;Georg Mascolo;6;;
;;;;Cordula Meyer;5;;
;;;;Sven Röbel;2;;
;;;;Andreas Ulrich;4;;
;;;;Beat Balzli;2;;
;;;;Jan Fleischhauer;1;;
;;;;Jan Dirk Herbermann;1;;
;;;;Alexander Jung;1;;
;;;;Wolfgang Reuter;3;;
;;;;Ulrich Schäfer;1;;
;;;;Michaela Schießl;1;;
;;;;Gabor Steingart;1;;
;;;;keinAutor;21;;
;;;;Erich Follath;2;;
;;;;Gunther Latsch;1;;
;;;;Konstantin von Hammerstein;1;;
;;;;Frank Hornig;1;;
;;;;Klaus Brinkbäumer;5;;
;;;;Dominik Cziesche;5;;
;;;;Carsten Holm;1;;
;;;;Udo Ludwig;2;;
;;;;Barbara Schmid;2;;
;;;;Caroline Schmidt;1;;
;;;;Holger Stark;2;;
;;;;Olaf Ihlau;1;;
;;;;Christian Neef;1;;
;;;;Stefan Aust;1;;
;;;;Jörg Blech;1;;
;;;;Rafaela von Bredow;1;;
;;;;Marianne Wellershoff;2;;
;;;;Martin Wolf;1;;
;;;;Adel S. Elias;1;;
;;;;Volkhard Windfuhr;2;;
;;;;Klaus-Peter Kerbusk;1;;
;;;;Christoph Pauly;1;;
;;;;Manfred Müller;1;;
;;;;Ulrich Schwarz;1;;
;;;;Georg Bönisch;1;;
;;;;Conny Neumann;1;;
;;;;Ulrike Knöfel;1;;
;;;;Thomas Hüetlin;5;;
;;;;Alexander Osang;5;;
;;;;Annette Großbongardt;1;;
;;;;Markus Dettmer;1;;
;;;;Uwe Buse;3;;
;;;;Fiona Ehlers;3;;
;;;;Lothar Gorris;3;;
;;;;Ullrich Fichtner;3;;
;;;;Hauke Goos;3;;
;;;;Ralf Hoppe;3;;
;;;;Ansbert Kneip;3;;
;;;;Dirk Kurbjuweit;3;;
;;;;Cordt Schnibben;3;;
;;;;Alexander Smoltczyk;3;;
;;;;Barbara Supp;3;;
;;;;;;politik;33
;;;;;;panorama;4
;;;;;;wirtschaft;4
;;;;;;wissenschaft;1
;;;;;;kultur;3
2001;SPIEGEL;tat;62;;;;
;;;;keinAutor;34;;
;;;;Carolin Emcke;1;;
;;;;Hans Hoyng;3;;
;;;;Dirk Koch;1;;
;;;;Stefan Simons;2;;
;;;;Gerhard Spörl;4;;
;;;;Erich Follath;3;;
;;;;Gunther Latsch;3;;
;;;;Klaus Brinkbäumer;4;;
;;;;Dominik Cziesche;3;;
;;;;Carsten Holm;1;;
;;;;Udo Ludwig;1;;
;;;;Georg Mascolo;3;;
;;;;Cordula Meyer;4;;
;;;;Sven Röbel;2;;
;;;;Barbara Schmid;1;;
;;;;Caroline Schmidt;1;;
;;;;Holger Stark;3;;
;;;;Andreas Ulrich;3;;
;;;;Olaf Ihlau;4;;
;;;;Christoph Pauly;2;;
;;;;Wolfgang Reuter;2;;
;;;;Hilmar Schmundt;1;;
;;;;Christoph Seidler;1;;
;;;;Manfred Müller;1;;
;;;;Ulrich Schwarz;1;;
;;;;Wolfgang Bayer;1;;
;;;;Conny Neumann;1;;
;;;;Steffen Winter;1;;
;;;;Volkhard Windfuhr;3;;
;;;;Bernhard Zand;1;;
;;;;Markus Dettmer;1;;
;;;;Sylvia Schreiber;1;;
;;;;Siegesmund von Ilsemann;4;;
;;;;Padma Rao;1;;
;;;;Carlos Widmann;1;;
;;;;Annette Großbongardt;2;;
;;;;Ralf Hoppe;4;;
;;;;Claus Christian Malzahn;1;;
;;;;Alexander Smoltczyk;4;;
;;;;Horand Knaup;2;;
;;;;Philip Bethge;1;;
;;;;Marco Evers;1;;
;;;;Frank Dohmen;1;;
;;;;Jan Fleischhauer;1;;
;;;;Alexander Jung;2;;
;;;;Christian Reiermann;1;;
;;;;Ulrich Schäfer;1;;
;;;;Helmut Sorge;1;;
;;;;Thomas Tuma;1;;
;;;;Wieland Wagner;1;;
;;;;Martina Nix;1;;
;;;;Peter Wensierski;1;;
;;;;Christian Neef;2;;
;;;;Walter Mayr;1;;
;;;;Ralf Beste;1;;
;;;;Ulrich Deupmann;1;;
;;;;Klaus Wiegrefe;1;;
;;;;Uwe Buse;3;;
;;;;Fiona Ehlers;3;;
;;;;Lothar Gorris;3;;
;;;;Ullrich Fichtner;3;;
;;;;Hauke Goos;3;;
;;;;Thomas Hüetlin;3;;
;;;;Ansbert Kneip;3;;
;;;;Dirk Kurbjuweit;3;;
;;;;Alexander Osang;3;;
;;;;Cordt Schnibben;3;;
;;;;Barbara Supp;3;;
;;;;Armin Mahler;1;;
;;;;Reinhard Mohr;1;;
;;;;Johannes Saltzwedel;1;;
;;;;Elke Schmitter;1;;
;;;;Mathias Schreiber;1;;
;;;;;;kultur;4
;;;;;;politik;46
;;;;;;wirtschaft;6
;;;;;;wissenschaft;4
;;;;;;panorama;2
2001;SPIEGEL;terrorakt;5;;;;
;;;;Jan Fleischhauer;1;;
;;;;Christian Reiermann;1;;
;;;;Jürgen Hogrefe;1;;
;;;;Dirk Koch;1;;
;;;;Hartmut Palmer;1;;
;;;;Gerd Rosenkranz;1;;
;;;;keinAutor;2;;
;;;;Markus Dettmer;1;;
;;;;Wolfgang Reuter;1;;
;;;;;;wirtschaft;2
;;;;;;politik;3
2001;SPIEGEL;überfall;2;;;;
;;;;Erich Wiedemann;1;;
;;;;Volkhard Windfuhr;1;;
;;;;keinAutor;1;;
;;;;;;politik;2
2001;STERN;aktion;2;;;;
;;;;keinAutor;2;;
;;;;;;politik, geschichte;1
;;;;;;politik, ausland;1
2001;STERN;angriff;7;;;;
;;;;keinAutor;7;;
;;;;;;panorama, wissen, natur;1
;;;;;;politik, ausland;5
;;;;;;familie;1
2001;STERN;anschlag;12;;;;
;;;;keinAutor;9;;
;;;;print;3;;
;;;;Jürgen Petschull / Mitarbeit: Kuno Kruse;1;;
;;;;Michael Streck;1;;
;;;;Mitarbeit: Michael Saur, Fatima Parsons;1;;
;;;;Stefanie Rosenkranz;1;;
;;;;;;politik, ausland;9
;;;;;;kultur, buecher;1
;;;;;;wirtschaft, news;1
;;;;;;reise, fernreisen;1
2001;STERN;attacke;1;;;;
;;;;keinAutor;1;;
;;;;;;panorama, wissen, natur;1
2001;STERN;attentat;8;;;;
;;;;keinAutor;8;;
;;;;;;politik, geschichte;2
;;;;;;digital, computer;1
;;;;;;digital, online;1
;;;;;;kultur, musik;1
;;;;;;politik, deutschland;1
;;;;;;politik, ausland;2
2001;STERN;tat;3;;;;
;;;;keinAutor;3;;
;;;;;;familie;1
;;;;;;gesundheit;1
;;;;;;kultur, buecher;1
2001;STERN;terrorakt;1;;;;
;;;;keinAutor;1;;
;;;;;;politik, ausland;1
2001;STERN;überfall;1;;;;
;;;;keinAutor;1;;
;;;;;;politik, geschichte;1
2002;SPIEGEL;aggression;12;;;;
;;;;keinAutor;6;;
;;;;Souad Mekhennet;1;;
;;;;Irina Repke;1;;
;;;;Barbara Schmid;1;;
;;;;Andrea Stuppe;1;;
;;;;Dirk Kurbjuweit;1;;
;;;;Gerhard Spörl;1;;
;;;;Olaf Ihlau;2;;
;;;;Volkhard Windfuhr;1;;
;;;;Bernhard Zand;1;;
;;;;Rüdiger Falksohn;1;;
;;;;Jürgen Kremb;1;;
;;;;Holger Stark;2;;
;;;;Uwe Klußmann;1;;
;;;;Walter Mayr;1;;
;;;;Jörg R. Mettke;1;;
;;;;Christian Neef;1;;
;;;;Thomas Darnstädt;1;;
;;;;Dietmar Hipp;1;;
;;;;;;politik;10
;;;;;;panorama;1
;;;;;;kultur;1
2002;SPIEGEL;aktion;39;;;;
;;;;Konstantin von Hammerstein;2;;
;;;;Alexander Neubacher;1;;
;;;;keinAutor;23;;
;;;;Fritjof Meyer;1;;
;;;;Gerhard Spörl;3;;
;;;;Dirk Koch;1;;
;;;;Martin Doerry;1;;
;;;;Alexander Szandar;2;;
;;;;Erich Follath;1;;
;;;;Volkhard Windfuhr;2;;
;;;;Bernhard Zand;2;;
;;;;Dominik Cziesche;3;;
;;;;Holger Stark;3;;
;;;;Andreas Wassermann;1;;
;;;;Nils Klawitter;1;;
;;;;Klaus Werle;1;;
;;;;Dieter Bednarz;1;;
;;;;Annette Großbongardt;1;;
;;;;Georg Bönisch;2;;
;;;;Georg Mascolo;3;;
;;;;Klaus Brinkbäumer;1;;
;;;;Cordula Meyer;1;;
;;;;Andreas Ulrich;1;;
;;;;Jan Fleischhauer;1;;
;;;;Thomas Hüetlin;1;;
;;;;Alexander Osang;1;;
;;;;Karen Andresen;1;;
;;;;Ralf Beste;1;;
;;;;Olaf Ihlau;2;;
;;;;Uwe Klußmann;1;;
;;;;Walter Mayr;1;;
;;;;Jörg R. Mettke;1;;
;;;;Christian Neef;1;;
;;;;Beat Balzli;1;;
;;;;Barbara Schmid;1;;
;;;;Andrea Stuppe;1;;
;;;;Thomas Darnstädt;1;;
;;;;Dietmar Hipp;1;;
;;;;Alexander Jung;1;;
;;;;Horand Knaup;1;;
;;;;Christian Reiermann;1;;
;;;;Ulrich Schäfer;1;;
;;;;;;politik;30
;;;;;;wirtschaft;4
;;;;;;kultur;3
;;;;;;panorama;2
2002;SPIEGEL;angriff;71;;;;
;;;;keinAutor;36;;
;;;;Ralf Beste;3;;
;;;;Gabor Steingart;2;;
;;;;Klaus Brinkbäumer;1;;
;;;;Fiona Ehlers;1;;
;;;;Hauke Goos;1;;
;;;;Lothar Gorris;1;;
;;;;Ralf Hoppe;1;;
;;;;Conny Neumann;2;;
;;;;Alexander Smoltczyk;1;;
;;;;Barbara Supp;1;;
;;;;Dirk Koch;1;;
;;;;Martin Doerry;1;;
;;;;Alexander Szandar;5;;
;;;;Erich Follath;3;;
;;;;Volkhard Windfuhr;6;;
;;;;Bernhard Zand;8;;
;;;;Michael Fröhlingsdorf;1;;
;;;;Konstantin von Hammerstein;2;;
;;;;Susanne Koelbl;1;;
;;;;Thilo Thielke;1;;
;;;;Olaf Ihlau;4;;
;;;;Michael Sontheimer;3;;
;;;;Annette Großbongardt;3;;
;;;;Dieter Bednarz;5;;
;;;;Winfried Didzoleit;1;;
;;;;Gerhard Spörl;9;;
;;;;Hans Hoyng;3;;
;;;;Georg Mascolo;5;;
;;;;Georg Bönisch;1;;
;;;;Dominik Cziesche;2;;
;;;;Holger Stark;2;;
;;;;Andreas Ulrich;1;;
;;;;Erich Wiedemann;1;;
;;;;Rüdiger Falksohn;3;;
;;;;Siegesmund von Ilsemann;4;;
;;;;Padma Rao;1;;
;;;;Romain Leick;2;;
;;;;Manfred Ertel;1;;
;;;;Walter Mayr;2;;
;;;;Hans-Jürgen Schlamp;1;;
;;;;Sylvia Schreiber;1;;
;;;;Helene Zuber;1;;
;;;;Stefan Aust;1;;
;;;;Jan Fleischhauer;1;;
;;;;Thomas Hüetlin;1;;
;;;;Alexander Osang;1;;
;;;;Matthias Geyer;1;;
;;;;Horand Knaup;2;;
;;;;Jürgen Leinemann;1;;
;;;;Ralf Neukirch;1;;
;;;;Christian Reiermann;2;;
;;;;Christoph Schult;1;;
;;;;Stefan Simons;1;;
;;;;Karen Andresen;1;;
;;;;Axel Frohn;1;;
;;;;Uwe Klußmann;2;;
;;;;Klaus Wiegrefe;1;;
;;;;Jörg R. Mettke;1;;
;;;;Christian Neef;1;;
;;;;Thomas Darnstädt;1;;
;;;;Dietmar Hipp;2;;
;;;;Alexander Jung;1;;
;;;;Ulrich Schäfer;1;;
;;;;Dietmar Pieper;1;;
;;;;;;politik;58
;;;;;;kultur;3
;;;;;;panorama;8
;;;;;;sport;1
;;;;;;wirtschaft;1
2002;SPIEGEL;anschlag;98;;;;
;;;;keinAutor;54;;
;;;;Rüdiger Falksohn;4;;
;;;;Padma Rao;2;;
;;;;Alexander Smoltczyk;3;;
;;;;Dominik Cziesche;10;;
;;;;Jan Fleischhauer;3;;
;;;;Ulrich Schäfer;1;;
;;;;Thomas Hüetlin;2;;
;;;;Volker Hage;1;;
;;;;Stefan Aust;2;;
;;;;Olaf Ihlau;4;;
;;;;Georg Mascolo;12;;
;;;;Klaus Brinkbäumer;3;;
;;;;Fiona Ehlers;2;;
;;;;Hauke Goos;2;;
;;;;Lothar Gorris;2;;
;;;;Ralf Hoppe;2;;
;;;;Conny Neumann;1;;
;;;;Barbara Supp;1;;
;;;;Erich Follath;3;;
;;;;Volkhard Windfuhr;3;;
;;;;Bernhard Zand;4;;
;;;;Gerhard Spörl;8;;
;;;;Romain Leick;1;;
;;;;Udo Ludwig;1;;
;;;;Cordula Meyer;7;;
;;;;Fidelius Schmid;1;;
;;;;Holger Stark;9;;
;;;;Andreas Ulrich;4;;
;;;;Souad Mekhennet;1;;
;;;;Irina Repke;1;;
;;;;Barbara Schmid;1;;
;;;;Andrea Stuppe;1;;
;;;;Hans Hoyng;2;;
;;;;Ulrich Deupmann;2;;
;;;;Dieter Bednarz;4;;
;;;;Annette Großbongardt;2;;
;;;;Georg Bönisch;1;;
;;;;Erich Wiedemann;1;;
;;;;Siegesmund von Ilsemann;3;;
;;;;Susanne Beyer;1;;
;;;;Marianne Wellershoff;1;;
;;;;Uwe Buse;1;;
;;;;Ullrich Fichtner;1;;
;;;;Matthias Geyer;1;;
;;;;Dirk Kurbjuweit;1;;
;;;;Claus Christian Malzahn;3;;
;;;;Dinah Deckstein;1;;
;;;;Armin Mahler;1;;
;;;;Alexander Osang;1;;
;;;;Gunther Latsch;1;;
;;;;Michael Sontheimer;1;;
;;;;Konstantin von Hammerstein;1;;
;;;;Horand Knaup;1;;
;;;;Hartmut Palmer;1;;
;;;;Michael Sauga;1;;
;;;;Gabor Steingart;1;;
;;;;Jürgen Kremb;1;;
;;;;Uwe Klußmann;1;;
;;;;Walter Mayr;1;;
;;;;Jörg R. Mettke;1;;
;;;;Christian Neef;1;;
;;;;;;panorama;6
;;;;;;politik;75
;;;;;;wirtschaft;5
;;;;;;sport;1
;;;;;;kultur;11
2002;SPIEGEL;attacke;20;;;;
;;;;keinAutor;8;;
;;;;Georg Bönisch;1;;
;;;;Dominik Cziesche;2;;
;;;;Dietmar Hipp;1;;
;;;;Clemens Höges;1;;
;;;;Georg Mascolo;3;;
;;;;Holger Stark;2;;
;;;;Thomas Hüetlin;2;;
;;;;Volker Hage;1;;
;;;;Erich Follath;1;;
;;;;Volkhard Windfuhr;2;;
;;;;Bernhard Zand;2;;
;;;;Hans Hoyng;1;;
;;;;Olaf Ihlau;1;;
;;;;Gerhard Spörl;2;;
;;;;Klaus Brinkbäumer;2;;
;;;;Annette Bruhns;1;;
;;;;Uwe Buse;1;;
;;;;Jürgen Dahlkamp;1;;
;;;;Carsten Holm;1;;
;;;;Ulrich Jaeger;1;;
;;;;Ansbert Kneip;1;;
;;;;Felix Kurz;1;;
;;;;Beate Lakotta;1;;
;;;;Jürgen Leinemann;1;;
;;;;Udo Ludwig;1;;
;;;;Cordula Meyer;3;;
;;;;Sven Röbel;1;;
;;;;Andrea Stuppe;1;;
;;;;Barbara Supp;1;;
;;;;Andreas Ulrich;2;;
;;;;Erich Wiedemann;1;;
;;;;Rüdiger Falksohn;1;;
;;;;Siegesmund von Ilsemann;1;;
;;;;Padma Rao;1;;
;;;;Ralf Beste;2;;
;;;;Alexander Szandar;2;;
;;;;Jan Fleischhauer;1;;
;;;;Alexander Osang;1;;
;;;;Karen Andresen;1;;
;;;;;;politik;14
;;;;;;panorama;2
;;;;;;kultur;4
2002;SPIEGEL;attentat;34;;;;
;;;;Rüdiger Falksohn;2;;
;;;;Padma Rao;1;;
;;;;keinAutor;21;;
;;;;Ralf Beste;1;;
;;;;Gabor Steingart;1;;
;;;;Stefan Aust;1;;
;;;;Olaf Ihlau;3;;
;;;;Georg Mascolo;4;;
;;;;Erich Follath;3;;
;;;;Volkhard Windfuhr;2;;
;;;;Bernhard Zand;2;;
;;;;Dominik Cziesche;2;;
;;;;Romain Leick;1;;
;;;;Udo Ludwig;1;;
;;;;Cordula Meyer;1;;
;;;;Fidelius Schmid;1;;
;;;;Holger Stark;2;;
;;;;Andreas Ulrich;1;;
;;;;Georg Bönisch;1;;
;;;;Sylvia Schreiber;1;;
;;;;Dieter Bednarz;1;;
;;;;Gerhard Spörl;1;;
;;;;Claus Christian Malzahn;1;;
;;;;Jan Fleischhauer;1;;
;;;;Thomas Hüetlin;1;;
;;;;Alexander Osang;1;;
;;;;Axel Frohn;1;;
;;;;Uwe Klußmann;1;;
;;;;Klaus Wiegrefe;1;;
;;;;;;politik;27
;;;;;;kultur;6
;;;;;;panorama;1
2002;SPIEGEL;tat;54;;;;
;;;;Konstantin von Hammerstein;4;;
;;;;Alexander Neubacher;1;;
;;;;Stefan Simons;1;;
;;;;Gerhard Spörl;2;;
;;;;keinAutor;27;;
;;;;Olaf Ihlau;5;;
;;;;Claus Christian Malzahn;2;;
;;;;Jochen Bölsche;1;;
;;;;Andreas Ulrich;4;;
;;;;Thomas Hüetlin;1;;
;;;;Volker Hage;2;;
;;;;Stefan Aust;1;;
;;;;Georg Mascolo;7;;
;;;;Dirk Koch;1;;
;;;;Martin Doerry;1;;
;;;;Alexander Szandar;3;;
;;;;Erich Follath;2;;
;;;;Volkhard Windfuhr;3;;
;;;;Bernhard Zand;3;;
;;;;Michael Fröhlingsdorf;1;;
;;;;Susanne Koelbl;1;;
;;;;Thilo Thielke;1;;
;;;;Dinah Deckstein;1;;
;;;;Thomas Tuma;1;;
;;;;Gabor Steingart;2;;
;;;;Dominik Cziesche;4;;
;;;;Romain Leick;1;;
;;;;Udo Ludwig;2;;
;;;;Cordula Meyer;4;;
;;;;Fidelius Schmid;1;;
;;;;Holger Stark;3;;
;;;;Hans Hoyng;1;;
;;;;Klaus Brinkbäumer;3;;
;;;;Annette Bruhns;1;;
;;;;Uwe Buse;1;;
;;;;Jürgen Dahlkamp;1;;
;;;;Carsten Holm;1;;
;;;;Ulrich Jaeger;1;;
;;;;Ansbert Kneip;1;;
;;;;Felix Kurz;1;;
;;;;Beate Lakotta;1;;
;;;;Jürgen Leinemann;1;;
;;;;Sven Röbel;1;;
;;;;Andrea Stuppe;1;;
;;;;Barbara Supp;1;;
;;;;Georg Bönisch;1;;
;;;;Petra Bornhöft;1;;
;;;;Ulrich Deupmann;1;;
;;;;Horand Knaup;2;;
;;;;Ralf Neukirch;1;;
;;;;Christoph Schlegel;1;;
;;;;Thomas Darnstädt;1;;
;;;;Dietmar Hipp;1;;
;;;;Dietmar Pieper;1;;
;;;;Hartmut Palmer;1;;
;;;;Michael Sauga;1;;
;;;;Uwe Klußmann;1;;
;;;;Walter Mayr;1;;
;;;;Jörg R. Mettke;1;;
;;;;Christian Neef;1;;
;;;;Alexander Osang;1;;
;;;;Rüdiger Falksohn;1;;
;;;;Annette Großbongardt;1;;
;;;;;;politik;36
;;;;;;kultur;11
;;;;;;panorama;7
2002;SPIEGEL;terrorakt;10;;;;
;;;;keinAutor;7;;
;;;;Konstantin von Hammerstein;1;;
;;;;Horand Knaup;1;;
;;;;Hartmut Palmer;1;;
;;;;Michael Sauga;1;;
;;;;Gabor Steingart;1;;
;;;;Rüdiger Falksohn;1;;
;;;;Jürgen Kremb;1;;
;;;;Holger Stark;2;;
;;;;Olaf Ihlau;1;;
;;;;Uwe Klußmann;1;;
;;;;Walter Mayr;1;;
;;;;Jörg R. Mettke;1;;
;;;;Christian Neef;1;;
;;;;;;panorama;2
;;;;;;politik;6
;;;;;;kultur;2
2002;SPIEGEL;überfall;12;;;;
;;;;Rüdiger Falksohn;1;;
;;;;Padma Rao;1;;
;;;;keinAutor;6;;
;;;;Andreas Ulrich;1;;
;;;;Erich Wiedemann;1;;
;;;;Dieter Bednarz;1;;
;;;;Erich Follath;1;;
;;;;Georg Mascolo;1;;
;;;;Gerhard Spörl;1;;
;;;;Axel Frohn;1;;
;;;;Uwe Klußmann;2;;
;;;;Klaus Wiegrefe;1;;
;;;;Olaf Ihlau;1;;
;;;;Walter Mayr;1;;
;;;;Jörg R. Mettke;1;;
;;;;Christian Neef;1;;
;;;;Holger Stark;1;;
;;;;Thomas Darnstädt;1;;
;;;;Dietmar Hipp;1;;
;;;;;;politik;9
;;;;;;wirtschaft;1
;;;;;;kultur;1
;;;;;;panorama;1
2002;STERN;aggression;1;;;;
;;;;keinAutor;1;;
;;;;;;politik, ausland;1
2002;STERN;aktion;11;;;;
;;;;keinAutor;9;;
;;;;DPA;1;;
;;;;Uwe Käding;1;;
;;;;print;1;;
;;;;Interview: Mario R. Dederichs;1;;
;;;;;;politik, deutschland;4
;;;;;;sport, fussball;1
;;;;;;politik, ausland;3
;;;;;;wirtschaft, news;2
;;;;;;politik, geschichte;1
2002;STERN;angriff;15;;;;
;;;;print;1;;
;;;;Jan-Philipp Sendker;1;;
;;;;keinAutor;14;;
;;;;;;politik, ausland;9
;;;;;;lifestyle, leute;2
;;;;;;politik, deutschland;4
2002;STERN;anschlag;45;;;;
;;;;keinAutor;43;;
;;;;Michael Streck;1;;
;;;;print;2;;
;;;;Joachim Rienhardt;1;;
;;;;;;kultur, film;3
;;;;;;politik, ausland;22
;;;;;;digital, online;1
;;;;;;wirtschaft, job;1
;;;;;;politik, deutschland;9
;;;;;;wirtschaft, geld;2
;;;;;;lifestyle, leute;2
;;;;;;reise, fernreisen;1
;;;;;;wirtschaft, news;2
;;;;;;wirtschaft, versicherung;1
;;;;;;digital, technik;1
2002;STERN;attacke;3;;;;
;;;;keinAutor;2;;
;;;;print;1;;
;;;;;;politik, ausland;3
2002;STERN;attentat;9;;;;
;;;;keinAutor;6;;
;;;;Michael Streck;1;;
;;;;print;3;;
;;;;Joachim Rienhardt;1;;
;;;;;;politik, ausland;9
2002;STERN;tat;12;;;;
;;;;keinAutor;10;;
;;;;Michael Streck;1;;
;;;;print;2;;
;;;;Interview: Mario R. Dederichs;1;;
;;;;;;kultur, film;2
;;;;;;politik, ausland;5
;;;;;;wirtschaft, job;2
;;;;;;politik, deutschland;2
;;;;;;politik, geschichte;1
2002;STERN;terrorakt;2;;;;
;;;;keinAutor;2;;
;;;;;;wirtschaft, geld;1
;;;;;;politik, ausland;1
2002;STERN;überfall;1;;;;
;;;;print;1;;
;;;;Jan-Philipp Sendker;1;;
;;;;;;politik, ausland;1
2003;SPIEGEL;aggression;8;;;;
;;;;keinAutor;2;;
;;;;Olaf Ihlau;1;;
;;;;Volkhard Windfuhr;1;;
;;;;Hans Hoyng;3;;
;;;;Helene Zuber;1;;
;;;;Siegesmund von Ilsemann;1;;
;;;;Gerhard Spörl;1;;
;;;;Bernhard Zand;1;;
;;;;Dieter Bednarz;1;;
;;;;Erich Follath;1;;
;;;;Lothar Gorris;1;;
;;;;Wolfgang Höbel;1;;
;;;;Stefan Aust;1;;
;;;;Andreas Lorenz;1;;
;;;;;;kultur;2
;;;;;;politik;5
;;;;;;panorama;1
2003;SPIEGEL;aktion;38;;;;
;;;;keinAutor;22;;
;;;;Carolin Emcke;3;;
;;;;Erich Follath;3;;
;;;;Bernhard Zand;2;;
;;;;Carsten Holm;1;;
;;;;Georg Mascolo;5;;
;;;;Andreas Ulrich;1;;
;;;;Ralf Beste;3;;
;;;;Konstantin von Hammerstein;2;;
;;;;Hans Hoyng;3;;
;;;;Olaf Ihlau;4;;
;;;;Siegesmund von Ilsemann;5;;
;;;;Dirk Koch;1;;
;;;;Romain Leick;2;;
;;;;Gerhard Spörl;4;;
;;;;Gabor Steingart;2;;
;;;;Rüdiger Falksohn;1;;
;;;;Ullrich Fichtner;3;;
;;;;Alexander Osang;3;;
;;;;Alexander Smoltczyk;3;;
;;;;Dominik Cziesche;2;;
;;;;Jürgen Dahlkamp;2;;
;;;;Holger Stark;2;;
;;;;Gunther Latsch;2;;
;;;;Cordula Meyer;1;;
;;;;Klaus Brinkbäumer;2;;
;;;;Uwe Buse;2;;
;;;;Fiona Ehlers;2;;
;;;;Hauke Goos;2;;
;;;;Lothar Gorris;2;;
;;;;Ralf Hoppe;2;;
;;;;Thomas Hüetlin;2;;
;;;;Ansbert Kneip;2;;
;;;;Claus Christian Malzahn;3;;
;;;;Cordt Schnibben;2;;
;;;;Barbara Supp;2;;
;;;;Alexander Szandar;2;;
;;;;Dieter Bednarz;2;;
;;;;Volkhard Windfuhr;1;;
;;;;Ulrich Jaeger;1;;
;;;;Horand Knaup;1;;
;;;;Roland Nelles;1;;
;;;;Christoph Pauly;1;;
;;;;Wolfgang Reuter;1;;
;;;;Annette Großbongardt;1;;
;;;;Erich Wiedemann;1;;
;;;;;;politik;33
;;;;;;wirtschaft;1
;;;;;;panorama;3
;;;;;;kultur;1
2003;SPIEGEL;angriff;55;;;;
;;;;Ralf Beste;4;;
;;;;Konstantin von Hammerstein;1;;
;;;;keinAutor;35;;
;;;;Petra Bornhöft;3;;
;;;;Markus Dettmer;2;;
;;;;Roland Nelles;2;;
;;;;Gerd Rosenkranz;2;;
;;;;Alexander Szandar;3;;
;;;;Olaf Ihlau;3;;
;;;;Volkhard Windfuhr;3;;
;;;;Siegesmund von Ilsemann;2;;
;;;;Romain Leick;1;;
;;;;Georg Mascolo;4;;
;;;;Gabor Steingart;3;;
;;;;Rüdiger Falksohn;1;;
;;;;Hans Hoyng;2;;
;;;;Gerhard Spörl;2;;
;;;;Helene Zuber;1;;
;;;;Erich Follath;2;;
;;;;Ralf Neukirch;1;;
;;;;Ulrich Schäfer;1;;
;;;;Matthias Geyer;1;;
;;;;Tina Hildebrandt;1;;
;;;;Horand Knaup;2;;
;;;;Uwe Klußmann;1;;
;;;;Claus Christian Malzahn;3;;
;;;;Michael Sontheimer;1;;
;;;;Dominik Cziesche;3;;
;;;;Jürgen Dahlkamp;2;;
;;;;Holger Stark;2;;
;;;;Klaus Brinkbäumer;1;;
;;;;Uwe Buse;1;;
;;;;Fiona Ehlers;1;;
;;;;Carolin Emcke;1;;
;;;;Ullrich Fichtner;1;;
;;;;Hauke Goos;1;;
;;;;Lothar Gorris;1;;
;;;;Ralf Hoppe;1;;
;;;;Thomas Hüetlin;1;;
;;;;Ansbert Kneip;1;;
;;;;Alexander Osang;1;;
;;;;Cordt Schnibben;1;;
;;;;Alexander Smoltczyk;1;;
;;;;Barbara Supp;1;;
;;;;Michael Fröhlingsdorf;1;;
;;;;Clemens Höges;1;;
;;;;Christoph Schult;2;;
;;;;Ulrich Schwarz;1;;
;;;;Peter Wensierski;1;;
;;;;Susanne Koelbl;1;;
;;;;Udo Ludwig;1;;
;;;;Ulrich Jaeger;1;;
;;;;Gunther Latsch;1;;
;;;;Wolfgang Reuter;1;;
;;;;Harald Schumann;1;;
;;;;Annette Großbongardt;1;;
;;;;;;politik;45
;;;;;;kultur;5
;;;;;;wissenschaft;2
;;;;;;panorama;2
;;;;;;wirtschaft;1
2003;SPIEGEL;anschlag;66;;;;
;;;;Carolin Emcke;2;;
;;;;Erich Follath;3;;
;;;;Bernhard Zand;3;;
;;;;keinAutor;40;;
;;;;Philip Bethge;1;;
;;;;Georg Mascolo;10;;
;;;;Susanne Beyer;1;;
;;;;Ulrike Knöfel;1;;
;;;;Ralf Beste;5;;
;;;;Petra Bornhöft;1;;
;;;;Horand Knaup;1;;
;;;;Romain Leick;1;;
;;;;Jürgen Leinemann;1;;
;;;;Roland Nelles;1;;
;;;;Jan Puhl;1;;
;;;;Gabor Steingart;1;;
;;;;Wilfried Voigt;1;;
;;;;Alexander Szandar;3;;
;;;;Helene Zuber;1;;
;;;;Sven Röbel;2;;
;;;;Holger Stark;11;;
;;;;Uwe Klußmann;1;;
;;;;Claus Christian Malzahn;4;;
;;;;Michael Sontheimer;1;;
;;;;Volkhard Windfuhr;4;;
;;;;Dominik Cziesche;3;;
;;;;Jürgen Dahlkamp;2;;
;;;;Klaus Brinkbäumer;1;;
;;;;Uwe Buse;1;;
;;;;Fiona Ehlers;1;;
;;;;Ullrich Fichtner;1;;
;;;;Hauke Goos;1;;
;;;;Lothar Gorris;1;;
;;;;Ralf Hoppe;1;;
;;;;Thomas Hüetlin;1;;
;;;;Ansbert Kneip;1;;
;;;;Alexander Osang;1;;
;;;;Cordt Schnibben;1;;
;;;;Alexander Smoltczyk;1;;
;;;;Barbara Supp;1;;
;;;;Siegesmund von Ilsemann;3;;
;;;;Hans Hoyng;1;;
;;;;Gerd Rosenkranz;1;;
;;;;Hilmar Schmundt;1;;
;;;;Gerhard Spörl;3;;
;;;;Susanne Koelbl;1;;
;;;;Udo Ludwig;1;;
;;;;Olaf Ihlau;1;;
;;;;Dieter Bednarz;3;;
;;;;Ulrich Jaeger;1;;
;;;;Gunther Latsch;1;;
;;;;Conny Neumann;1;;
;;;;Erich Wiedemann;1;;
;;;;;;politik;56
;;;;;;wissenschaft;5
;;;;;;kultur;4
;;;;;;panorama;1
2003;SPIEGEL;attacke;20;;;;
;;;;keinAutor;8;;
;;;;Philip Bethge;1;;
;;;;Georg Mascolo;2;;
;;;;Ralf Beste;3;;
;;;;Konstantin von Hammerstein;1;;
;;;;Hans Hoyng;3;;
;;;;Olaf Ihlau;2;;
;;;;Siegesmund von Ilsemann;2;;
;;;;Dirk Koch;2;;
;;;;Romain Leick;3;;
;;;;Gerhard Spörl;4;;
;;;;Gabor Steingart;2;;
;;;;Petra Bornhöft;1;;
;;;;Markus Dettmer;1;;
;;;;Roland Nelles;1;;
;;;;Ralf Neukirch;1;;
;;;;Ulrich Schäfer;1;;
;;;;Matthias Geyer;1;;
;;;;Tina Hildebrandt;1;;
;;;;Horand Knaup;1;;
;;;;Alexander Szandar;2;;
;;;;Christian Neef;1;;
;;;;Volkhard Windfuhr;3;;
;;;;Winfried Didzoleit;1;;
;;;;Uwe Klußmann;1;;
;;;;Andreas Lorenz;1;;
;;;;Dominik Cziesche;2;;
;;;;Jürgen Dahlkamp;2;;
;;;;Holger Stark;1;;
;;;;Michael Sontheimer;1;;
;;;;Klaus Brinkbäumer;1;;
;;;;Uwe Buse;1;;
;;;;Fiona Ehlers;1;;
;;;;Carolin Emcke;1;;
;;;;Ullrich Fichtner;1;;
;;;;Hauke Goos;1;;
;;;;Lothar Gorris;1;;
;;;;Ralf Hoppe;1;;
;;;;Thomas Hüetlin;1;;
;;;;Ansbert Kneip;1;;
;;;;Claus Christian Malzahn;2;;
;;;;Alexander Osang;1;;
;;;;Cordt Schnibben;1;;
;;;;Alexander Smoltczyk;1;;
;;;;Barbara Supp;1;;
;;;;Dieter Bednarz;2;;
;;;;Erich Follath;1;;
;;;;Bernhard Zand;1;;
;;;;Ulrich Jaeger;1;;
;;;;Gunther Latsch;1;;
;;;;;;politik;18
;;;;;;wissenschaft;1
;;;;;;kultur;1
2003;SPIEGEL;attentat;30;;;;
;;;;Philip Bethge;1;;
;;;;Georg Mascolo;3;;
;;;;keinAutor;19;;
;;;;Rüdiger Falksohn;1;;
;;;;Hans Hoyng;2;;
;;;;Siegesmund von Ilsemann;3;;
;;;;Gerhard Spörl;4;;
;;;;Konstantin von Hammerstein;1;;
;;;;Erich Wiedemann;2;;
;;;;Klaus Brinkbäumer;1;;
;;;;Uwe Buse;1;;
;;;;Fiona Ehlers;1;;
;;;;Carolin Emcke;1;;
;;;;Ullrich Fichtner;1;;
;;;;Hauke Goos;1;;
;;;;Lothar Gorris;1;;
;;;;Ralf Hoppe;1;;
;;;;Thomas Hüetlin;1;;
;;;;Ansbert Kneip;1;;
;;;;Claus Christian Malzahn;3;;
;;;;Alexander Osang;1;;
;;;;Cordt Schnibben;1;;
;;;;Alexander Smoltczyk;1;;
;;;;Barbara Supp;1;;
;;;;Alexander Szandar;2;;
;;;;Ralf Beste;2;;
;;;;Susanne Koelbl;1;;
;;;;Udo Ludwig;1;;
;;;;Olaf Ihlau;2;;
;;;;Volkhard Windfuhr;2;;
;;;;Dieter Bednarz;2;;
;;;;Erich Follath;1;;
;;;;Bernhard Zand;2;;
;;;;Holger Stark;1;;
;;;;;;wissenschaft;2
;;;;;;politik;24
;;;;;;kultur;2
;;;;;;wirtschaft;1
;;;;;;panorama;1
2003;SPIEGEL;tat;45;;;;
;;;;keinAutor;24;;
;;;;Susanne Beyer;1;;
;;;;Ulrike Knöfel;1;;
;;;;Olaf Ihlau;5;;
;;;;Georg Mascolo;3;;
;;;;Gerhard Spörl;8;;
;;;;Erich Follath;3;;
;;;;Jürgen Kremb;1;;
;;;;Ullrich Fichtner;2;;
;;;;Alexander Osang;2;;
;;;;Alexander Smoltczyk;2;;
;;;;Martin Wolf;1;;
;;;;Ralf Beste;3;;
;;;;Winfried Didzoleit;1;;
;;;;Hans Hoyng;2;;
;;;;Uwe Klußmann;2;;
;;;;Dirk Koch;1;;
;;;;Romain Leick;1;;
;;;;Andreas Lorenz;1;;
;;;;Claus Christian Malzahn;4;;
;;;;Michael Sontheimer;3;;
;;;;Volkhard Windfuhr;3;;
;;;;Klaus Brinkbäumer;1;;
;;;;Uwe Buse;1;;
;;;;Fiona Ehlers;1;;
;;;;Carolin Emcke;1;;
;;;;Hauke Goos;1;;
;;;;Lothar Gorris;1;;
;;;;Ralf Hoppe;1;;
;;;;Thomas Hüetlin;1;;
;;;;Ansbert Kneip;1;;
;;;;Cordt Schnibben;1;;
;;;;Barbara Supp;2;;
;;;;Alexander Szandar;1;;
;;;;Conny Neumann;1;;
;;;;Caroline Schmidt;1;;
;;;;Dieter Bednarz;2;;
;;;;Bernhard Zand;1;;
;;;;Dominik Cziesche;2;;
;;;;Jürgen Dahlkamp;1;;
;;;;Ulrich Jaeger;1;;
;;;;Gunther Latsch;1;;
;;;;Dietmar Hipp;1;;
;;;;Felix Kurz;1;;
;;;;Barbara Schmid;1;;
;;;;Matthias Schreiber;1;;
;;;;Martin Sümening;1;;
;;;;Silvia Tyburski;1;;
;;;;Andreas Ulrich;1;;
;;;;Marco Evers;1;;
;;;;Jan Fleischhauer;1;;
;;;;Holger Stark;2;;
;;;;Siegesmund von Ilsemann;2;;
;;;;Erich Wiedemann;1;;
;;;;Gabor Steingart;1;;
;;;;;;kultur;7
;;;;;;sport;2
;;;;;;politik;33
;;;;;;panorama;2
;;;;;;wirtschaft;1
2003;SPIEGEL;terrorakt;4;;;;
;;;;keinAutor;2;;
;;;;Erich Follath;2;;
;;;;Hans Hoyng;1;;
;;;;Gerd Rosenkranz;1;;
;;;;Hilmar Schmundt;1;;
;;;;Gerhard Spörl;1;;
;;;;Dieter Bednarz;1;;
;;;;Claus Christian Malzahn;1;;
;;;;Volkhard Windfuhr;1;;
;;;;Bernhard Zand;1;;
;;;;;;kultur;1
;;;;;;politik;3
2003;SPIEGEL;überfall;10;;;;
;;;;keinAutor;8;;
;;;;Olaf Ihlau;1;;
;;;;Volkhard Windfuhr;1;;
;;;;Klaus Brinkbäumer;1;;
;;;;Uwe Buse;1;;
;;;;Fiona Ehlers;1;;
;;;;Carolin Emcke;1;;
;;;;Ullrich Fichtner;1;;
;;;;Hauke Goos;1;;
;;;;Lothar Gorris;1;;
;;;;Ralf Hoppe;1;;
;;;;Thomas Hüetlin;1;;
;;;;Ansbert Kneip;1;;
;;;;Claus Christian Malzahn;1;;
;;;;Alexander Osang;1;;
;;;;Cordt Schnibben;1;;
;;;;Alexander Smoltczyk;1;;
;;;;Barbara Supp;1;;
;;;;Alexander Szandar;1;;
;;;;;;politik;10
2003;STERN;aggression;5;;;;
;;;;keinAutor;2;;
;;;;print;2;;
;;;;Joachim Rienhardt;1;;
;;;;DPA;1;;
;;;;Thomas Osterkorn, Frank Thomsen, Jan Boris Wintzenburg;1;;
;;;;;;politik, ausland;4
;;;;;;wirtschaft, news;1
2003;STERN;aktion;17;;;;
;;;;keinAutor;8;;
;;;;print;5;;
;;;;Claus Lutterbeck;1;;
;;;;DPA;3;;
;;;;Thomas Müller;1;;
;;;;Jan-Christoph Wiechmann;1;;
;;;;Curt Anderson;1;;
;;;;Oliver Schröm;1;;
;;;;Christoph Reuter, Michael Streck und Jan Christoph Wiechmann;1;;
;;;;;;panorama;2
;;;;;;politik, ausland;14
;;;;;;auto, service;1
2003;STERN;angriff;40;;;;
;;;;keinAutor;22;;
;;;;DPA;3;;
;;;;print;9;;
;;;;Sven Stillich;1;;
;;;;Jan-Philipp Sendker;1;;
;;;;Elke Silberer;1;;
;;;;Joachim Rienhardt;1;;
;;;;Steffen Gassel;1;;
;;;;Barry Schweid;1;;
;;;;Bob Ross;1;;
;;;;Nikolaus von Twickel;1;;
;;;;Curt Anderson;1;;
;;;;Michael Streck und Jan Christoph Wiechmann;1;;
;;;;AP · DPA;1;;
;;;;John Solomon, AP;1;;
;;;;Interview: Teja Fiedler/Michael Streck;1;;
;;;;Michael Streck/Jan-Christoph Wiechmann;1;;
;;;;Christoph Reuter;1;;
;;;;;;politik, ausland;33
;;;;;;politik, deutschland;4
;;;;;;digital, computer;1
;;;;;;fotografie;1
;;;;;;panorama;1
2003;STERN;anschlag;53;;;;
;;;;keinAutor;32;;
;;;;print;6;;
;;;;Claus Lutterbeck;1;;
;;;;DPA;6;;
;;;;Steffen Gassel;1;;
;;;;Karl Schlögl;1;;
;;;;Peter Zschunke;1;;
;;;;John J. Lumpkin;1;;
;;;;Martin Bensley;1;;
;;;;Larry McShane;1;;
;;;;Thomas Burmeister;1;;
;;;;Oliver Schröm;1;;
;;;;Michael Casey;1;;
;;;;Georg Wedemeyer;1;;
;;;;AP;1;;
;;;;AP, dpa;1;;
;;;;AP · DPA;1;;
;;;;Roland Losch, AP;1;;
;;;;Frank Ochmann;1;;
;;;;Interview: Teja Fiedler/Michael Streck;1;;
;;;;Michael Streck/Jan-Christoph Wiechmann;1;;
;;;;;;politik, ausland;33
;;;;;;panorama;7
;;;;;;politik, deutschland;5
;;;;;;digital, online;1
;;;;;;kultur, film;2
;;;;;;kultur, musik;1
;;;;;;kultur, film, dvd;1
;;;;;;wirtschaft, geld;1
;;;;;;wirtschaft;1
;;;;;;lifestyle;1
2003;STERN;attacke;6;;;;
;;;;print;3;;
;;;;Claus Lutterbeck;1;;
;;;;keinAutor;3;;
;;;;Interview: Teja Fiedler/Michael Streck;1;;
;;;;Christoph Reuter, Michael Streck und Jan Christoph Wiechmann;1;;
;;;;;;politik, ausland;6
2003;STERN;attentat;17;;;;
;;;;Karl Schlögl;1;;
;;;;keinAutor;11;;
;;;;print;2;;
;;;;Jan Christoph Wiechmann;1;;
;;;;DPA;2;;
;;;;Christoph Marx;1;;
;;;;Interview: Teja Fiedler/Michael Streck;1;;
;;;;;;politik, ausland;12
;;;;;;wirtschaft, geld;1
;;;;;;panorama;1
;;;;;;politik, deutschland;1
;;;;;;kultur, buecher;1
;;;;;;politik, geschichte;1
2003;STERN;tat;19;;;;
;;;;keinAutor;10;;
;;;;DPA;5;;
;;;;Friedhelm Schachtschneider;1;;
;;;;Thomas Schmoll;1;;
;;;;Antje Passenheim;1;;
;;;;print;2;;
;;;;Laszlo Trankovits;1;;
;;;;Oliver Schröm;1;;
;;;;Christoph Marx;1;;
;;;;Lisa Arns;1;;
;;;;;;politik, ausland;12
;;;;;;politik, deutschland;3
;;;;;;panorama;3
;;;;;;politik, geschichte;1
2003;STERN;terrorakt;2;;;;
;;;;keinAutor;2;;
;;;;;;politik, ausland;2
2003;STERN;überfall;2;;;;
;;;;Karl Schlögl;1;;
;;;;keinAutor;1;;
;;;;;;politik, ausland;2
2004;SPIEGEL;aggression;1;;;;
;;;;keinAutor;1;;
;;;;;;politik;1
2004;SPIEGEL;aktion;18;;;;
;;;;keinAutor;10;;
;;;;Martin Doerry;1;;
;;;;Klaus Wiegrefe;1;;
;;;;Dominik Cziesche;2;;
;;;;Georg Mascolo;5;;
;;;;Sven Röbel;1;;
;;;;Heiner Schimmöller;2;;
;;;;Holger Stark;3;;
;;;;Erich Follath;1;;
;;;;Georg Bönisch;1;;
;;;;Andrea Brandt;1;;
;;;;Jürgen Dahlkamp;1;;
;;;;Dietmar Hipp;1;;
;;;;Gunther Latsch;1;;
;;;;Caroline Schmidt;1;;
;;;;Markus Verbeet;2;;
;;;;Markus Dettmer;1;;
;;;;Jürgen Kremb;1;;
;;;;Romain Leick;1;;
;;;;Conny Neumann;1;;
;;;;Klaus Brinkbäumer;1;;
;;;;Carolin Emcke;1;;
;;;;Siegesmund von Ilsemann;1;;
;;;;Dinah Deckstein;1;;
;;;;Frank Dohmen;1;;
;;;;Dietmar Hawranek;1;;
;;;;Janko Tietz;1;;
;;;;Uwe Buse;1;;
;;;;Ullrich Fichtner;1;;
;;;;Mario Kaiser;1;;
;;;;Uwe Klußmann;1;;
;;;;Walter Mayr;1;;
;;;;Christian Neef;1;;
;;;;;;politik;15
;;;;;;wirtschaft;2
;;;;;;kultur;1
2004;SPIEGEL;angriff;24;;;;
;;;;Erich Follath;2;;
;;;;Georg Mascolo;7;;
;;;;keinAutor;12;;
;;;;Manfred Ertel;1;;
;;;;Wolfgang Höbel;1;;
;;;;Holger Stark;3;;
;;;;Helene Zuber;1;;
;;;;Dominik Cziesche;1;;
;;;;Jürgen Dahlkamp;1;;
;;;;Cordula Meyer;1;;
;;;;Andreas Ulrich;1;;
;;;;Stefan Aust;1;;
;;;;Gerhard Spörl;4;;
;;;;Dirk Kurbjuweit;1;;
;;;;Matthias Geyer;1;;
;;;;Hans Hoyng;2;;
;;;;Klaus Brinkbäumer;1;;
;;;;Carolin Emcke;2;;
;;;;Siegesmund von Ilsemann;1;;
;;;;Georg Bönisch;1;;
;;;;Petra Bornhöft;1;;
;;;;Markus Feldenkirchen;1;;
;;;;Konstantin von Hammerstein;1;;
;;;;Ralf Neukirch;1;;
;;;;Christian Reiermann;1;;
;;;;Irina Repke;1;;
;;;;Michael Sauga;1;;
;;;;Barbara Schmid;1;;
;;;;Andreas Wassermann;1;;
;;;;Nikolaus von Festenberg;1;;
;;;;Olaf Ihlau;1;;
;;;;;;politik;20
;;;;;;panorama;3
;;;;;;kultur;1
2004;SPIEGEL;anschlag;51;;;;
;;;;Siegesmund von Ilsemann;2;;
;;;;Georg Mascolo;11;;
;;;;Gerhard Spörl;5;;
;;;;Volkhard Windfuhr;2;;
;;;;Bernhard Zand;3;;
;;;;Per Hinrichs;1;;
;;;;Alexander Osang;1;;
;;;;Holger Stark;9;;
;;;;Andreas Ulrich;5;;
;;;;keinAutor;24;;
;;;;Volker Hage;1;;
;;;;Matthias Matussek;1;;
;;;;Manfred Ertel;1;;
;;;;Wolfgang Höbel;1;;
;;;;Helene Zuber;2;;
;;;;Dominik Cziesche;6;;
;;;;Sven Röbel;1;;
;;;;Heiner Schimmöller;1;;
;;;;Thomas Darnstädt;1;;
;;;;Ralf Neukirch;2;;
;;;;Erich Follath;3;;
;;;;Alexander Jung;1;;
;;;;Jürgen Dahlkamp;2;;
;;;;Cordula Meyer;2;;
;;;;Georg Bönisch;1;;
;;;;Andrea Brandt;1;;
;;;;Dietmar Hipp;1;;
;;;;Gunther Latsch;1;;
;;;;Caroline Schmidt;1;;
;;;;Markus Verbeet;1;;
;;;;Markus Feldenkirchen;1;;
;;;;Tina Hildebrandt;1;;
;;;;Sebastian Knauer;1;;
;;;;Christoph Schult;1;;
;;;;Hans Hoyng;3;;
;;;;Klaus Brinkbäumer;2;;
;;;;Carolin Emcke;2;;
;;;;Nikolaus von Festenberg;1;;
;;;;Olaf Ihlau;1;;
;;;;Barbara Schmid;1;;
;;;;Petra Bornhöft;1;;
;;;;Padma Rao;1;;
;;;;Uwe Buse;1;;
;;;;Ullrich Fichtner;1;;
;;;;Mario Kaiser;1;;
;;;;Uwe Klußmann;1;;
;;;;Walter Mayr;1;;
;;;;Christian Neef;1;;
;;;;;;politik;42
;;;;;;panorama;6
;;;;;;kultur;2
;;;;;;wissenschaft;1
2004;SPIEGEL;attacke;14;;;;
;;;;keinAutor;6;;
;;;;Ralf Beste;1;;
;;;;Horand Knaup;1;;
;;;;Dirk Koch;1;;
;;;;Romain Leick;1;;
;;;;Erich Follath;3;;
;;;;Hans Hoyng;2;;
;;;;Gerhard Spörl;1;;
;;;;Dominik Cziesche;2;;
;;;;Jürgen Dahlkamp;1;;
;;;;Georg Mascolo;3;;
;;;;Cordula Meyer;1;;
;;;;Holger Stark;1;;
;;;;Andreas Ulrich;3;;
;;;;Petra Bornhöft;1;;
;;;;Michaela Schießl;1;;
;;;;Lars-Olav Beier;1;;
;;;;Antje Harders;1;;
;;;;Marianne Wellershoff;1;;
;;;;Martin Wolf;1;;
;;;;Carolin Emcke;1;;
;;;;Nikolaus von Festenberg;1;;
;;;;;;politik;10
;;;;;;wissenschaft;2
;;;;;;panorama;1
;;;;;;kultur;1
2004;SPIEGEL;attentat;20;;;;
;;;;keinAutor;7;;
;;;;Manfred Ertel;1;;
;;;;Wolfgang Höbel;1;;
;;;;Georg Mascolo;3;;
;;;;Holger Stark;4;;
;;;;Helene Zuber;3;;
;;;;Dominik Cziesche;2;;
;;;;Sven Röbel;1;;
;;;;Heiner Schimmöller;1;;
;;;;Thomas Darnstädt;1;;
;;;;Romain Leick;1;;
;;;;Jörg Kramer;1;;
;;;;Hans-Jürgen Schlamp;1;;
;;;;Gerhard Spörl;1;;
;;;;Volkhard Windfuhr;2;;
;;;;Bernhard Zand;3;;
;;;;Klaus Brinkbäumer;1;;
;;;;Carolin Emcke;1;;
;;;;Siegesmund von Ilsemann;1;;
;;;;Georg Bönisch;1;;
;;;;Andreas Ulrich;2;;
;;;;Petra Bornhöft;1;;
;;;;Ralf Neukirch;1;;
;;;;Uwe Buse;1;;
;;;;Ullrich Fichtner;1;;
;;;;Mario Kaiser;1;;
;;;;Uwe Klußmann;1;;
;;;;Walter Mayr;1;;
;;;;Christian Neef;1;;
;;;;;;politik;18
;;;;;;panorama;1
;;;;;;sport;1
2004;SPIEGEL;tat;39;;;;
;;;;keinAutor;21;;
;;;;Ralf Beste;2;;
;;;;Konstantin von Hammerstein;2;;
;;;;Hans Hoyng;3;;
;;;;Manfred Ertel;1;;
;;;;Wolfgang Höbel;1;;
;;;;Georg Mascolo;6;;
;;;;Holger Stark;3;;
;;;;Helene Zuber;1;;
;;;;Martin Doerry;1;;
;;;;Klaus Wiegrefe;2;;
;;;;Dominik Cziesche;2;;
;;;;Sven Röbel;2;;
;;;;Heiner Schimmöller;1;;
;;;;Horand Knaup;1;;
;;;;Dirk Koch;1;;
;;;;Romain Leick;1;;
;;;;Erich Follath;2;;
;;;;Gerhard Spörl;2;;
;;;;Jan Puhl;1;;
;;;;Dirk Kurbjuweit;1;;
;;;;Matthias Geyer;1;;
;;;;Olaf Ihlau;2;;
;;;;Hans-Jürgen Schlamp;1;;
;;;;Georg Bönisch;1;;
;;;;Petra Bornhöft;1;;
;;;;Markus Feldenkirchen;1;;
;;;;Ralf Neukirch;1;;
;;;;Christian Reiermann;1;;
;;;;Irina Repke;1;;
;;;;Michael Sauga;1;;
;;;;Barbara Schmid;1;;
;;;;Andreas Wassermann;1;;
;;;;Volkhard Windfuhr;1;;
;;;;Thomas Tuma;1;;
;;;;Klaus-Peter Kerbusk;1;;
;;;;Klaus Brinkbäumer;1;;
;;;;Siegesmund von Ilsemann;1;;
;;;;Dietmar Pieper;1;;
;;;;Uwe Buse;1;;
;;;;Ullrich Fichtner;1;;
;;;;Mario Kaiser;1;;
;;;;Uwe Klußmann;1;;
;;;;Walter Mayr;1;;
;;;;Christian Neef;1;;
;;;;;;politik;33
;;;;;;wirtschaft;2
;;;;;;panorama;3
;;;;;;wissenschaft;1
2004;SPIEGEL;terrorakt;3;;;;
;;;;keinAutor;3;;
;;;;;;politik;3
2004;SPIEGEL;überfall;3;;;;
;;;;Susanne Koelbl;1;;
;;;;Stefan Simons;1;;
;;;;keinAutor;1;;
;;;;Uwe Buse;1;;
;;;;Ullrich Fichtner;1;;
;;;;Mario Kaiser;1;;
;;;;Uwe Klußmann;1;;
;;;;Walter Mayr;1;;
;;;;Christian Neef;1;;
;;;;;;politik;3
2004;STERN;aggression;4;;;;
;;;;print;3;;
;;;;Mitarbeit: Hans-Hermann Klare, Oliver Schröm;1;;
;;;;Dorit Kowitz;1;;
;;;;Dusko Vukovic;1;;
;;;;Uli Rauss;1;;
;;;;;;politik, ausland;3
;;;;;;politik, deutschland;1
2004;STERN;aktion;13;;;;
;;;;DPA;6;;
;;;;print;4;;
;;;;Arno Luik;1;;
;;;;keinAutor;1;;
;;;;Thomas Burmeister, DPA;1;;
;;;;Oliver Schröm;1;;
;;;;Interview: Michael Streck und Jan Christoph Wiechmann;1;;
;;;;Uli Rauss;1;;
;;;;Anne-Beatrice Clasmann/DPA;1;;
;;;;Bernd Teichmann;1;;
;;;;AP · Reuters;1;;
;;;;Mit Material von DPA/AP/Reuters;1;;
;;;;DPA · Reuters;1;;
;;;;Hauke Friederichs mit Material von AP/DPA/Reuters;1;;
;;;;;;politik, ausland;9
;;;;;;wirtschaft, news;1
;;;;;;kultur, film;2
;;;;;;panorama, wissen, mensch;1
2004;STERN;angriff;27;;;;
;;;;keinAutor;7;;
;;;;Interview: Katja Gloger und Hans-Hermann Klare;1;;
;;;;print;5;;
;;;;Jan Christoph Wiechmann;2;;
;;;;DPA;8;;
;;;;<em>mit Agenturen</em>;1;;
;;;;Mitarbeit: Hans-Hermann Klare, Oliver Schröm;1;;
;;;;AP · DPA;2;;
;;;;Ken Guggenheim/AP;1;;
;;;;AP;1;;
;;;;Donna Bryson, AP;1;;
;;;;Cornelia Fuchs;1;;
;;;;Dusko Vukovic;1;;
;;;;Gabriele Chwallek, DPA;1;;
;;;;Laszlo Trankovits/DPA;1;;
;;;;Reuters;2;;
;;;;Peer Meinert/DPA;1;;
;;;;DPA/AP;1;;
;;;;AP · Reuters;2;;
;;;;AP, Reuters;1;;
;;;;Reuters/AP;1;;
;;;;;;politik, ausland;26
;;;;;;politik, deutschland;1
2004;STERN;anschlag;57;;;;
;;;;DPA;25;;
;;;;Frank Brandmaier;1;;
;;;;keinAutor;15;;
;;;;Wolfgang Janisch;1;;
;;;;print;8;;
;;;;Arno Luik;1;;
;;;;Ulrike Putz;1;;
;;;;Hubert Kahl;1;;
;;;;Hubert Kahl, Laszlo Trankovits und Seung Hwa Hong;1;;
;;;;AP;7;;
;;;;Jamal Halaby, AP;1;;
;;;;AP · DPA;7;;
;;;;Laszlo Trankovits/AP;1;;
;;;;Oliver Schröm;1;;
;;;;Interview: Michael Streck und Jan Christoph Wiechmann;1;;
;;;;John Solomon und Ted Bridis, AP;1;;
;;;;Can Merey/DPA;1;;
;;;;Anne-Beatrice Clasmann/DPA;1;;
;;;;Sara Kugler/AP;1;;
;;;;Jan Christoph Wiechmann;1;;
;;;;AP · Reuters;2;;
;;;;Mit Material von DPA/AP/Reuters;1;;
;;;;Roberto Pfeil/AP;1;;
;;;;Reuters;4;;
;;;;DPA · Reuters;1;;
;;;;Hauke Friederichs mit Material von AP/DPA/Reuters;1;;
;;;;DPA/AP;1;;
;;;;Ingo Bierschwale/DPA;1;;
;;;;Reuters/AP;1;;
;;;;;;panorama, verbrechen;3
;;;;;;politik, ausland;40
;;;;;;politik, deutschland;6
;;;;;;wirtschaft, news;1
;;;;;;lifestyle, leute;1
;;;;;;wirtschaft;2
;;;;;;genuss, essen;1
;;;;;;gesellschaft;1
;;;;;;politik, geschichte;2
2004;STERN;attacke;6;;;;
;;;;Nachrichtenredaktion;1;;
;;;;DPA;4;;
;;;;Interview: Michael Streck und Jan Christoph Wiechmann;1;;
;;;;Anne-Beatrice Clasmann/DPA;1;;
;;;;print;1;;
;;;;Michael Streck und Jan Christoph Wiechmann;1;;
;;;;AP · Reuters;1;;
;;;;Reuters/AP;1;;
;;;;;;politik, deutschland;1
;;;;;;politik, ausland;5
2004;STERN;attentat;20;;;;
;;;;DPA;11;;
;;;;Frank Christiansen;1;;
;;;;Tim Schulze;1;;
;;;;Stern Serie;1;;
;;;;Ravi Nessman;1;;
;;;;Hubert Kahl;1;;
;;;;print;3;;
;;;;keinAutor;2;;
;;;;AP · DPA;2;;
;;;;DPA/Hope Yen/AP;1;;
;;;;Anne-Beatrice Clasmann/DPA;1;;
;;;;Wolfgang Janisch, dpa;1;;
;;;;AP · DPA · Reuters;1;;
;;;;AP/Reuters/DPA;1;;
;;;;DPA · Reuters;1;;
;;;;Hauke Friederichs mit Material von AP/DPA/Reuters;1;;
;;;;Hauke Friederichs/AP/DPA;1;;
;;;;Ingo Bierschwale/DPA;1;;
;;;;;;panorama, verbrechen;1
;;;;;;politik, ausland;13
;;;;;;politik, deutschland;2
;;;;;;wirtschaft;1
;;;;;;panorama, wissen, kosmos;1
;;;;;;wirtschaft, geld;1
;;;;;;politik, geschichte;1
2004;STERN;tat;26;;;;
;;;;keinAutor;7;;
;;;;DPA;9;;
;;;;Frank Brandmaier;1;;
;;;;print;5;;
;;;;Jan Christoph Wiechmann;2;;
;;;;<em>mit Agenturen</em>;1;;
;;;;Christoph Reuter;2;;
;;;;Hubert Kahl;1;;
;;;;AP · DPA;2;;
;;;;AP;3;;
;;;;Anne-Beatrice Clasmann, DPA;1;;
;;;;Laszlo Trankovits, DPA, AP;1;;
;;;;Laszlo Trankovits/DPA;2;;
;;;;Can Merey/DPA;1;;
;;;;DPA · Reuters;2;;
;;;;DPA/Reuters;1;;
;;;;Will Lester/AP;1;;
;;;;Roberto Pfeil/AP;1;;
;;;;Martin Knobbe;1;;
;;;;Hauke Friederichs mit Material von AP/DPA/Reuters;1;;
;;;;;;kultur, film;1
;;;;;;panorama, verbrechen;2
;;;;;;politik, ausland;20
;;;;;;politik, deutschland;1
;;;;;;wirtschaft;1
;;;;;;politik, geschichte;1
2004;STERN;terrorakt;1;;;;
;;;;DPA;1;;
;;;;Malte Arnsperger, mit Material von Reuters/DPA;1;;
;;;;;;politik, ausland;1
2004;STERN;überfall;6;;;;
;;;;AP · DPA;1;;
;;;;AP, DPA;1;;
;;;;keinAutor;1;;
;;;;print;2;;
;;;;Jan Christoph Wiechmann;1;;
;;;;DPA;1;;
;;;;Stefan Voß/DPA;1;;
;;;;Uli Rauss;1;;
;;;;AP · Reuters;1;;
;;;;Reuters/AP;1;;
;;;;;;politik, ausland;5
;;;;;;politik, deutschland;1
2005;SPIEGEL;aggression;5;;;;
;;;;keinAutor;3;;
;;;;Erich Follath;1;;
;;;;Hans Hoyng;1;;
;;;;Georg Mascolo;2;;
;;;;Stefan Simons;1;;
;;;;Gerhard Spörl;1;;
;;;;;;politik;4
;;;;;;kultur;1
2005;SPIEGEL;aktion;16;;;;
;;;;Ralf Beste;1;;
;;;;Anita Blasberg;1;;
;;;;Marco Evers;1;;
;;;;Rüdiger Falksohn;1;;
;;;;Ullrich Fichtner;1;;
;;;;Mario Kaiser;1;;
;;;;Susanne Koelbl;1;;
;;;;Andreas Lorenz;1;;
;;;;Georg Mascolo;8;;
;;;;Matthias Matussek;1;;
;;;;Padma Rao;1;;
;;;;Marcel Rosenbach;2;;
;;;;Hilmar Schmundt;1;;
;;;;Cordt Schnibben;1;;
;;;;Matthias Schulz;1;;
;;;;Janko Tietz;1;;
;;;;Andreas Ulrich;2;;
;;;;Markus Deggerich;1;;
;;;;Holger Stark;3;;
;;;;keinAutor;5;;
;;;;Erich Follath;4;;
;;;;Gerhard Spörl;1;;
;;;;Wieland Wagner;1;;
;;;;Bernhard Zand;1;;
;;;;Alexander Smoltczyk;1;;
;;;;Hans Hoyng;2;;
;;;;Stefan Simons;1;;
;;;;Thomas Darnstädt;1;;
;;;;Alexander Neubacher;1;;
;;;;Roland Nelles;1;;
;;;;Gabor Steingart;1;;
;;;;Renate Flottau;1;;
;;;;Uwe Klußmann;1;;
;;;;Walter Mayr;1;;
;;;;Christian Neef;1;;
;;;;Manfred Ertel;1;;
;;;;Marion Kraske;1;;
;;;;Jan Puhl;1;;
;;;;Dominik Cziesche;1;;
;;;;Per Hinrichs;1;;
;;;;Sven Röbel;1;;
;;;;Heiner Schimmöller;1;;
;;;;Andreas Wassermann;1;;
;;;;;;politik;14
;;;;;;kultur;2
2005;SPIEGEL;angriff;29;;;;
;;;;Lars-Olav Beier;3;;
;;;;Wolfgang Höbel;1;;
;;;;keinAutor;14;;
;;;;Dieter Bednarz;2;;
;;;;Ralf Beste;1;;
;;;;Erich Follath;6;;
;;;;Siegesmund von Ilsemann;1;;
;;;;Georg Mascolo;8;;
;;;;Gerhard Spörl;3;;
;;;;Wieland Wagner;2;;
;;;;Annette Großbongardt;1;;
;;;;Hans Hoyng;1;;
;;;;Marco Evers;1;;
;;;;Susanne Koelbl;1;;
;;;;Alexander Smoltczyk;2;;
;;;;Holger Stark;1;;
;;;;Klaus Brinkbäumer;1;;
;;;;Matthias Matussek;2;;
;;;;Markus Verbeet;1;;
;;;;Volkhard Windfuhr;1;;
;;;;Helene Zuber;1;;
;;;;Volker Hage;1;;
;;;;Roland Nelles;1;;
;;;;Gabor Steingart;1;;
;;;;Bernhard Zand;1;;
;;;;;;kultur;7
;;;;;;panorama;3
;;;;;;politik;19
2005;SPIEGEL;anschlag;46;;;;
;;;;Ralf Beste;3;;
;;;;Anita Blasberg;1;;
;;;;Marco Evers;1;;
;;;;Rüdiger Falksohn;1;;
;;;;Ullrich Fichtner;1;;
;;;;Mario Kaiser;1;;
;;;;Susanne Koelbl;2;;
;;;;Andreas Lorenz;1;;
;;;;Georg Mascolo;10;;
;;;;Matthias Matussek;5;;
;;;;Padma Rao;1;;
;;;;Marcel Rosenbach;1;;
;;;;Hilmar Schmundt;1;;
;;;;Cordt Schnibben;1;;
;;;;Matthias Schulz;1;;
;;;;Janko Tietz;1;;
;;;;Andreas Ulrich;3;;
;;;;keinAutor;24;;
;;;;Dinah Deckstein;1;;
;;;;Thomas Tuma;1;;
;;;;Dieter Bednarz;2;;
;;;;Erich Follath;5;;
;;;;Siegesmund von Ilsemann;1;;
;;;;Gerhard Spörl;3;;
;;;;Volkhard Windfuhr;2;;
;;;;Bernhard Zand;2;;
;;;;Dominik Cziesche;5;;
;;;;Holger Stark;5;;
;;;;Conny Neumann;1;;
;;;;Michaela Schießl;1;;
;;;;Cordula Meyer;1;;
;;;;Jan Fleischhauer;1;;
;;;;Stefan Aust;1;;
;;;;Klaus Brinkbäumer;2;;
;;;;Alexander Smoltczyk;1;;
;;;;Markus Verbeet;3;;
;;;;Helene Zuber;1;;
;;;;Volker Hage;1;;
;;;;Hans Hoyng;2;;
;;;;Manfred Ertel;1;;
;;;;Marion Kraske;1;;
;;;;Jan Puhl;1;;
;;;;Per Hinrichs;1;;
;;;;Sven Röbel;1;;
;;;;Heiner Schimmöller;1;;
;;;;Andreas Wassermann;1;;
;;;;Roland Nelles;1;;
;;;;Alexander Szandar;1;;
;;;;;;politik;35
;;;;;;wirtschaft;1
;;;;;;kultur;5
;;;;;;panorama;4
;;;;;;wissenschaft;1
2005;SPIEGEL;attacke;3;;;;
;;;;keinAutor;3;;
;;;;;;politik;1
;;;;;;wissenschaft;1
;;;;;;kultur;1
2005;SPIEGEL;attentat;4;;;;
;;;;Erich Follath;1;;
;;;;Georg Mascolo;2;;
;;;;Gerhard Spörl;1;;
;;;;Wieland Wagner;1;;
;;;;Conny Neumann;1;;
;;;;Michaela Schießl;1;;
;;;;keinAutor;1;;
;;;;Stefan Aust;1;;
;;;;Ralf Beste;1;;
;;;;;;politik;2
;;;;;;kultur;2
2005;SPIEGEL;tat;33;;;;
;;;;keinAutor;18;;
;;;;Erich Follath;2;;
;;;;Georg Mascolo;3;;
;;;;Gerhard Spörl;2;;
;;;;Wieland Wagner;2;;
;;;;Holger Stark;3;;
;;;;Markus Verbeet;2;;
;;;;Hans Hoyng;2;;
;;;;Conny Neumann;1;;
;;;;Michaela Schießl;1;;
;;;;Susanne Koelbl;1;;
;;;;Volkhard Windfuhr;2;;
;;;;Bernhard Zand;2;;
;;;;Dominik Cziesche;2;;
;;;;Cordula Meyer;1;;
;;;;Andreas Ulrich;1;;
;;;;Jan Fleischhauer;1;;
;;;;Stefan Aust;1;;
;;;;Klaus Brinkbäumer;1;;
;;;;Matthias Matussek;1;;
;;;;Frank Hornig;2;;
;;;;Stefan Simons;1;;
;;;;Anita Kirner;1;;
;;;;Marian Blasberg;1;;
;;;;Thomas Darnstädt;1;;
;;;;Alexander Neubacher;1;;
;;;;Marcel Rosenbach;1;;
;;;;Alexander Jung;1;;
;;;;;;politik;23
;;;;;;panorama;3
;;;;;;wissenschaft;1
;;;;;;kultur;4
;;;;;;wirtschaft;2
2005;SPIEGEL;terrorakt;2;;;;
;;;;keinAutor;1;;
;;;;Volkhard Windfuhr;1;;
;;;;Bernhard Zand;1;;
;;;;;;politik;2
2005;SPIEGEL;überfall;4;;;;
;;;;Erich Follath;1;;
;;;;Annette Großbongardt;1;;
;;;;keinAutor;3;;
;;;;;;politik;4
2005;STERN;aggression;1;;;;
;;;;DPA;2;;
;;;;;;politik, deutschland;1
2005;STERN;aktion;8;;;;
;;;;AP;3;;
;;;;print;2;;
;;;;Wolfgang Hübner/AP;1;;
;;;;Interview: Teja Fiedler, Cornelia Fuchs, Hans-Hermann Klare;1;;
;;;;AP · DPA;2;;
;;;;DPA/AP;2;;
;;;;vuk mit Material von DPA;1;;
;;;;keinAutor;1;;
;;;;;;politik, deutschland;1
;;;;;;panorama;1
;;;;;;kultur, film;2
;;;;;;kultur, musik;1
;;;;;;politik, ausland;2
;;;;;;sport, fussball;1
2005;STERN;angriff;11;;;;
;;;;AP · Reuters;1;;
;;;;Niels Kruse mit Material von DPA/AP/Reuters;1;;
;;;;AP · DPA;1;;
;;;;AP/DPA;1;;
;;;;Florian Güßgen;2;;
;;;;vuk mit Material von DPA;1;;
;;;;DPA;5;;
;;;;DPA · Reuters;1;;
;;;;DPA/Reuters;1;;
;;;;Barbara Munker/DPA;1;;
;;;;mit AP;1;;
;;;;keinAutor;1;;
;;;;;;panorama, weltgeschehen;2
;;;;;;politik, deutschland;2
;;;;;;kultur, film;1
;;;;;;politik, ausland;4
;;;;;;lifestyle, leute;1
;;;;;;sport, fussball;1
2005;STERN;anschlag;23;;;;
;;;;Reuters;2;;
;;;;DPA;8;;
;;;;Lars Nicolaysen/DPA;1;;
;;;;AP;9;;
;;;;print;1;;
;;;;keinAutor;4;;
;;;;Kelly Kurt/AP;1;;
;;;;AP · DPA · Reuters;2;;
;;;;AP/DPA/Reuters;1;;
;;;;AP · DPA;1;;
;;;;DPA/AP;1;;
;;;;DPA · Reuters;2;;
;;;;DPA/Reuters;2;;
;;;;Interview: Dusko Vukovic und Nils Schmidt;1;;
;;;;Jens Maier;1;;
;;;;DPA/AP/Reuters;1;;
;;;;Christoph Dreyer/DPA;1;;
;;;;;;politik, deutschland;4
;;;;;;panorama, weltgeschehen;4
;;;;;;panorama, verbrechen;1
;;;;;;panorama;1
;;;;;;politik, ausland;11
;;;;;;gesellschaft;1
;;;;;;panorama, wissen, kosmos;1
2005;STERN;attacke;4;;;;
;;;;AP · DPA;1;;
;;;;DPA, AP;1;;
;;;;DPA;3;;
;;;;print;1;;
;;;;Christine Kruttschnitt;1;;
;;;;Barbara Munker/DPA;1;;
;;;;;;lifestyle, leute;3
;;;;;;politik, deutschland;1
2005;STERN;attentat;5;;;;
;;;;Reuters;2;;
;;;;DPA;1;;
;;;;Lars Nicolaysen/DPA;1;;
;;;;AP;1;;
;;;;Kelly Kurt/AP;1;;
;;;;print;1;;
;;;;keinAutor;1;;
;;;;;;politik, deutschland;1
;;;;;;panorama, weltgeschehen;1
;;;;;;politik, ausland;2
;;;;;;kultur, film;1
2005;STERN;tat;10;;;;
;;;;keinAutor;3;;
;;;;print;3;;
;;;;AP · DPA · Reuters;3;;
;;;;AP/DPA/Reuters;2;;
;;;;DPA;2;;
;;;;Florian Gless, Rainer Nübel / Mitarbeit: Gerd Elendt;1;;
;;;;DPA/AP/Reuters;1;;
;;;;;;panorama, weltgeschehen;2
;;;;;;panorama, wissen, natur;1
;;;;;;politik, deutschland;1
;;;;;;panorama, verbrechen;1
;;;;;;politik, ausland;5
2005;STERN;terrorakt;2;;;;
;;;;DPA;4;;
;;;;;;politik, deutschland;1
;;;;;;politik, ausland;1
2005;STERN;überfall;1;;;;
;;;;keinAutor;1;;
;;;;;;politik, ausland;1
2006;SPIEGEL;aggression;8;;;;
;;;;keinAutor;1;;
;;;;Daniel Steinvorth;2;;
;;;;Bernhard Zand;3;;
;;;;Gerhard Spörl;2;;
;;;;Stefan Aust;1;;
;;;;Dieter Bednarz;2;;
;;;;Georg Mascolo;2;;
;;;;Christoph Schult;1;;
;;;;Volkhard Windfuhr;2;;
;;;;Martin Doerry;1;;
;;;;Volker Hage;1;;
;;;;Lars-Olav Beier;1;;
;;;;Martin Wolf;1;;
;;;;Erich Follath;1;;
;;;;;;politik;6
;;;;;;kultur;2
2006;SPIEGEL;aktion;16;;;;
;;;;Lars-Olav Beier;1;;
;;;;Erich Follath;3;;
;;;;Rüdiger Falksohn;1;;
;;;;Georg Mascolo;6;;
;;;;keinAutor;5;;
;;;;Dominik Cziesche;2;;
;;;;Holger Stark;5;;
;;;;Hans Hoyng;1;;
;;;;Gerhard Spörl;2;;
;;;;Stefan Aust;1;;
;;;;Dieter Bednarz;2;;
;;;;Jürgen Dahlkamp;1;;
;;;;Siegesmund von Ilsemann;1;;
;;;;Mathieu von Rohr;1;;
;;;;Christoph Schult;1;;
;;;;Daniel Steinvorth;1;;
;;;;Volkhard Windfuhr;1;;
;;;;Bernhard Zand;1;;
;;;;Wolfgang Frey;1;;
;;;;;;politik;15
;;;;;;panorama;1
2006;SPIEGEL;angriff;31;;;;
;;;;Ralf Beste;1;;
;;;;Petra Bornhöft;1;;
;;;;Matthias Gebauer;1;;
;;;;Clemens Höges;1;;
;;;;Georg Mascolo;8;;
;;;;Roland Nelles;1;;
;;;;Holger Stark;4;;
;;;;Gabor Steingart;1;;
;;;;Alexander Szandar;1;;
;;;;Bernhard Zand;4;;
;;;;Lars-Olav Beier;2;;
;;;;Erich Follath;6;;
;;;;Jürgen Dahlkamp;1;;
;;;;Dietmar Pieper;1;;
;;;;Jörg Schmitt;1;;
;;;;Andreas Wassermann;1;;
;;;;Volkhard Windfuhr;4;;
;;;;Steffen Winter;1;;
;;;;Dieter Bednarz;5;;
;;;;Manfred Ertel;1;;
;;;;Nikolaus von Festenberg;1;;
;;;;Dietmar Hipp;2;;
;;;;Hans Hoyng;1;;
;;;;Ulrike Knöfel;1;;
;;;;Romain Leick;1;;
;;;;Matthias Matussek;1;;
;;;;Johannes Saltzwedel;1;;
;;;;Stefan Simons;1;;
;;;;Erich Wiedemann;1;;
;;;;keinAutor;15;;
;;;;Gerhard Spörl;4;;
;;;;Stefan Aust;1;;
;;;;Siegesmund von Ilsemann;1;;
;;;;Mathieu von Rohr;1;;
;;;;Christoph Schult;3;;
;;;;Daniel Steinvorth;4;;
;;;;Frank Hornig;1;;
;;;;Gunther Latsch;1;;
;;;;Guido Kleinhubbert;1;;
;;;;Cordula Meyer;1;;
;;;;Andreas Ulrich;1;;
;;;;Jan Fleischhauer;1;;
;;;;Caroline Schmidt;1;;
;;;;Andrea Brandt;1;;
;;;;Matthias Schreiber;1;;
;;;;Alexander Smoltczyk;1;;
;;;;Peter Wensierski;1;;
;;;;Christian Neef;1;;
;;;;Matthias Schepp;1;;
;;;;;;politik;26
;;;;;;kultur;4
;;;;;;panorama;1
2006;SPIEGEL;anschlag;43;;;;
;;;;keinAutor;25;;
;;;;Dieter Bednarz;2;;
;;;;Manfred Ertel;1;;
;;;;Nikolaus von Festenberg;1;;
;;;;Erich Follath;4;;
;;;;Dietmar Hipp;2;;
;;;;Hans Hoyng;3;;
;;;;Ulrike Knöfel;1;;
;;;;Romain Leick;1;;
;;;;Georg Mascolo;4;;
;;;;Matthias Matussek;1;;
;;;;Johannes Saltzwedel;1;;
;;;;Stefan Simons;1;;
;;;;Erich Wiedemann;1;;
;;;;Dominik Cziesche;1;;
;;;;Holger Stark;6;;
;;;;Stefan Aust;1;;
;;;;Jan Fleischhauer;1;;
;;;;Bernhard Zand;4;;
;;;;Jürgen Dahlkamp;1;;
;;;;Martin Doerry;2;;
;;;;Volker Hage;1;;
;;;;Thomas Hüetlin;3;;
;;;;Britta Sandberg;1;;
;;;;Gunther Latsch;1;;
;;;;Guido Kleinhubbert;1;;
;;;;Cordula Meyer;1;;
;;;;Daniel Steinvorth;2;;
;;;;Andreas Ulrich;1;;
;;;;Gerhard Spörl;2;;
;;;;Andrea Brandt;1;;
;;;;Matthias Schreiber;1;;
;;;;Alexander Smoltczyk;1;;
;;;;Peter Wensierski;1;;
;;;;Volkhard Windfuhr;1;;
;;;;Lars-Olav Beier;1;;
;;;;Martin Wolf;1;;
;;;;Konstantin von Hammerstein;1;;
;;;;Hans-Jürgen Schlamp;1;;
;;;;Alexander Szandar;1;;
;;;;Christian Neef;2;;
;;;;Matthias Schepp;2;;
;;;;Uwe Klußmann;2;;
;;;;Veronika Hackenbroch;1;;
;;;;Jan Puhl;1;;
;;;;;;politik;34
;;;;;;kultur;4
;;;;;;wissenschaft;3
;;;;;;panorama;2
2006;SPIEGEL;attacke;8;;;;
;;;;Georg Mascolo;2;;
;;;;Holger Stark;2;;
;;;;keinAutor;3;;
;;;;Volkhard Windfuhr;1;;
;;;;Bernhard Zand;1;;
;;;;Thomas Hüetlin;2;;
;;;;Britta Sandberg;1;;
;;;;Uwe Klußmann;1;;
;;;;;;politik;8
2006;SPIEGEL;attentat;11;;;;
;;;;Erich Follath;2;;
;;;;Gerhard Spörl;1;;
;;;;Rüdiger Falksohn;1;;
;;;;Georg Mascolo;3;;
;;;;Holger Stark;2;;
;;;;keinAutor;3;;
;;;;Bernhard Zand;1;;
;;;;Thomas Hüetlin;2;;
;;;;Britta Sandberg;1;;
;;;;Konstantin von Hammerstein;1;;
;;;;Hans Hoyng;2;;
;;;;Hans-Jürgen Schlamp;1;;
;;;;Alexander Szandar;1;;
;;;;Veronika Hackenbroch;1;;
;;;;Uwe Klußmann;1;;
;;;;Christian Neef;1;;
;;;;Jan Puhl;1;;
;;;;Matthias Schepp;1;;
;;;;Annette Großbongardt;1;;
;;;;Alexander Smoltczyk;1;;
;;;;;;politik;10
;;;;;;panorama;1
2006;SPIEGEL;tat;36;;;;
;;;;keinAutor;19;;
;;;;Lars-Olav Beier;3;;
;;;;Erich Follath;6;;
;;;;Wolfgang Höbel;1;;
;;;;Dieter Bednarz;3;;
;;;;Manfred Ertel;1;;
;;;;Nikolaus von Festenberg;1;;
;;;;Dietmar Hipp;1;;
;;;;Hans Hoyng;2;;
;;;;Ulrike Knöfel;1;;
;;;;Romain Leick;1;;
;;;;Georg Mascolo;7;;
;;;;Matthias Matussek;1;;
;;;;Johannes Saltzwedel;1;;
;;;;Stefan Simons;1;;
;;;;Erich Wiedemann;1;;
;;;;Holger Stark;5;;
;;;;Sven Röbel;1;;
;;;;Hans-Jürgen Schlamp;1;;
;;;;Gerhard Spörl;3;;
;;;;Stefan Aust;1;;
;;;;Bernhard Zand;2;;
;;;;Jürgen Dahlkamp;2;;
;;;;Christoph Schult;1;;
;;;;Daniel Steinvorth;2;;
;;;;Volkhard Windfuhr;1;;
;;;;Ralf Beste;1;;
;;;;Konstantin von Hammerstein;1;;
;;;;Gunther Latsch;2;;
;;;;Guido Kleinhubbert;2;;
;;;;Cordula Meyer;1;;
;;;;Andreas Ulrich;2;;
;;;;Markus Verbeet;1;;
;;;;Martin Wolf;1;;
;;;;Veronika Hackenbroch;1;;
;;;;Thomas Hüetlin;1;;
;;;;Uwe Klußmann;1;;
;;;;Christian Neef;1;;
;;;;Jan Puhl;1;;
;;;;Matthias Schepp;1;;
;;;;;;kultur;5
;;;;;;politik;28
;;;;;;wissenschaft;1
;;;;;;panorama;2
2006;SPIEGEL;terrorakt;1;;;;
;;;;Gunther Latsch;1;;
;;;;Guido Kleinhubbert;1;;
;;;;Cordula Meyer;1;;
;;;;Holger Stark;1;;
;;;;Daniel Steinvorth;1;;
;;;;Andreas Ulrich;1;;
;;;;;;politik;1
2006;SPIEGEL;überfall;6;;;;
;;;;keinAutor;5;;
;;;;Dieter Bednarz;1;;
;;;;Erich Follath;1;;
;;;;Siegesmund von Ilsemann;1;;
;;;;Georg Mascolo;1;;
;;;;Mathieu von Rohr;1;;
;;;;Christoph Schult;1;;
;;;;Daniel Steinvorth;1;;
;;;;Volkhard Windfuhr;1;;
;;;;Bernhard Zand;1;;
;;;;;;politik;4
;;;;;;panorama;1
;;;;;;kultur;1
2006;STERN;aktion;13;;;;
;;;;print;3;;
;;;;Stefan Gassel;1;;
;;;;AP · DPA · Reuters;1;;
;;;;Reuters/AP/DPA;1;;
;;;;has mit DPA;1;;
;;;;DPA;2;;
;;;;Cornelia Fuchs;2;;
;;;;AP · Reuters;1;;
;;;;AP/Reuters;1;;
;;;;AP;2;;
;;;;keinAutor;2;;
;;;;Hans-Martin Tillack;2;;
;;;;;;politik, ausland;7
;;;;;;lifestyle, mode;1
;;;;;;politik, deutschland;3
;;;;;;digital, online;1
;;;;;;panorama, verbrechen;1
2006;STERN;angriff;29;;;;
;;;;mit AP;1;;
;;;;AP · DPA;1;;
;;;;DPA/AP;1;;
;;;;keinAutor;8;;
;;;;AP;3;;
;;;;Donna Abu Nasr/AP;1;;
;;;;Florian Güßgen;2;;
;;;;Reuters;10;;
;;;;AP · Reuters;2;;
;;;;Andrew Selksy/AP/Reuters;1;;
;;;;Cornelia Fuchs;1;;
;;;;print;3;;
;;;;DPA;4;;
;;;;DPA · Reuters;1;;
;;;;Reuters/DPA;1;;
;;;;Reuters/AP;1;;
;;;;Interview: Florian Güßgen;1;;
;;;;Aufgezeichnet von Tilmann Müller;1;;
;;;;;;politik, ausland;23
;;;;;;kultur, film;2
;;;;;;digital, online;1
;;;;;;politik, deutschland;1
;;;;;;gesellschaft;1
;;;;;;panorama, verbrechen;1
2006;STERN;anschlag;37;;;;
;;;;sh mit Agenturmaterial;1;;
;;;;AP · DPA;1;;
;;;;DPA/AP;1;;
;;;;print;8;;
;;;;Bernd Teichmann;1;;
;;;;keinAutor;3;;
;;;;AP;8;;
;;;;Donna Abu Nasr/AP;1;;
;;;;DPA;11;;
;;;;DPA · Reuters;4;;
;;;;DPA/Reuters;2;;
;;;;Oliver Schröm;1;;
;;;;Paul Haven/AP;1;;
;;;;Mark Sherman/AP;1;;
;;;;AP · Reuters;1;;
;;;;AP/Reuters;1;;
;;;;Reuters/DPA;2;;
;;;;Von Steffen Gassel, Claus Lutterbeck und Uli Rauss;1;;
;;;;AP · DPA · Reuters;2;;
;;;;Reuters/DPA/AP;1;;
;;;;Larry Neumeister/AP;1;;
;;;;DPA/Reuters/AP;1;;
;;;;Steffen Gassel;1;;
;;;;Reuters;2;;
;;;;Malte Arnsperger mit Material von Reuters und DPA;1;;
;;;;Michael Streck;1;;
;;;;Laszlo Trankovits/DPA;1;;
;;;;Hans-Martin Tillack;2;;
;;;;;;politik, ausland;24
;;;;;;reise, service;1
;;;;;;kultur, film;2
;;;;;;panorama, weltgeschehen;2
;;;;;;digital, online;1
;;;;;;politik, deutschland;5
;;;;;;politik, geschichte;1
;;;;;;lifestyle, leute;1
2006;STERN;attacke;4;;;;
;;;;sh mit Agenturmaterial;1;;
;;;;keinAutor;1;;
;;;;Reuters;2;;
;;;;print;1;;
;;;;Hannes Roß<br/>Mitarbeit: Cornelia Fuchs;1;;
;;;;;;politik, ausland;3
;;;;;;kultur, film;1
2006;STERN;attentat;12;;;;
;;;;Lutz Kinkel;1;;
;;;;AP;3;;
;;;;Shawn Pogatchnik/AP/lk;1;;
;;;;Oliver Schröm;1;;
;;;;print;5;;
;;;;DPA;2;;
;;;;AP · DPA · Reuters;1;;
;;;;DPA/Reuters/AP;1;;
;;;;Jan C. Wiechmann;1;;
;;;;keinAutor;1;;
;;;;Andreas Hoidn-Borchers;1;;
;;;;;;politik, deutschland;4
;;;;;;politik, ausland;7
;;;;;;lifestyle, leute;1
2006;STERN;tat;18;;;;
;;;;print;11;;
;;;;Stefan Gassel;1;;
;;;;Hans-Martin Tillack;1;;
;;;;Jan C. Wiechmann;1;;
;;;;Von Steffen Gassel, Claus Lutterbeck und Uli Rauss;1;;
;;;;Steffen Gassel;1;;
;;;;Cornelia Fuchs;1;;
;;;;Malte Arnsperger mit Material von Reuters und DPA;1;;
;;;;DPA;6;;
;;;;Interview: Michael Streck, Jan-Christoph Wiechmann;1;;
;;;;keinAutor;2;;
;;;;;;politik, ausland;8
;;;;;;politik, deutschland;5
;;;;;;reise, service;1
;;;;;;digital, technik;1
;;;;;;kultur, tv;1
;;;;;;wirtschaft, news;1
;;;;;;panorama, verbrechen;1
2006;STERN;überfall;1;;;;
;;;;keinAutor;1;;
;;;;;;panorama, verbrechen;1
2007;SPIEGEL;aggression;3;;;;
;;;;Rüdiger Falksohn;1;;
;;;;Padma Rao;1;;
;;;;Tobias Schreiter;1;;
;;;;keinAutor;1;;
;;;;Erich Follath;1;;
;;;;Holger Stark;1;;
;;;;;;politik;3
2007;SPIEGEL;aktion;10;;;;
;;;;Georg Mascolo;1;;
;;;;Holger Stark;2;;
;;;;keinAutor;3;;
;;;;Dietmar Hipp;1;;
;;;;Stefan Aust;2;;
;;;;Hussam Ali;1;;
;;;;Matthias Gebauer;1;;
;;;;Mathieu von Rohr;1;;
;;;;Beat Balzli;2;;
;;;;Dietmar Hawranek;1;;
;;;;Christoph Pauly;2;;
;;;;Frank Hornig;1;;
;;;;Helmar Büchel;1;;
;;;;Andrea Brandt;1;;
;;;;Simone Kaiser;1;;
;;;;Guido Kleinhubbert;1;;
;;;;Andreas Ulrich;1;;
;;;;Alfred Weinzierl;1;;
;;;;;;politik;5
;;;;;;kultur;1
;;;;;;panorama;2
;;;;;;wirtschaft;2
2007;SPIEGEL;angriff;25;;;;
;;;;keinAutor;15;;
;;;;Frank Hornig;1;;
;;;;Marcel Rosenbach;2;;
;;;;Thomas Darnstädt;1;;
;;;;Jan Fleischhauer;1;;
;;;;Andreas Ulrich;1;;
;;;;Dietmar Hipp;1;;
;;;;Holger Stark;4;;
;;;;Stefan Aust;2;;
;;;;Dieter Bednarz;1;;
;;;;Erich Follath;2;;
;;;;Helmar Büchel;1;;
;;;;Simone Kaiser;1;;
;;;;Cordula Meyer;1;;
;;;;Gregor Peter Schmitz;1;;
;;;;Walter Mayr;1;;
;;;;Matthias Schepp;1;;
;;;;Georg Mascolo;1;;
;;;;;;politik;22
;;;;;;kultur;2
;;;;;;panorama;1
2007;SPIEGEL;anschlag;47;;;;
;;;;keinAutor;27;;
;;;;Ralf Beste;1;;
;;;;Petra Bornhöft;1;;
;;;;Horand Knaup;2;;
;;;;Dirk Kurbjuweit;3;;
;;;;Georg Mascolo;5;;
;;;;Ralf Neukirch;2;;
;;;;Holger Stark;11;;
;;;;Ansgar Mertin;1;;
;;;;Britta Sandberg;2;;
;;;;Christoph Schult;1;;
;;;;Bernhard Zand;1;;
;;;;Stefan Aust;4;;
;;;;Marcel Rosenbach;5;;
;;;;Dietmar Hipp;2;;
;;;;Hussam Ali;1;;
;;;;Matthias Gebauer;3;;
;;;;Mathieu von Rohr;1;;
;;;;John Goetz;1;;
;;;;Roland Nelles;1;;
;;;;Alexander Szandar;2;;
;;;;Caroline Schmidt;1;;
;;;;Helmar Büchel;1;;
;;;;Simone Kaiser;1;;
;;;;Marc Hujer;1;;
;;;;Daniel Steinvorth;1;;
;;;;Erich Follath;1;;
;;;;Michael Sauga;1;;
;;;;Walter Mayr;1;;
;;;;Matthias Schepp;1;;
;;;;;;politik;40
;;;;;;kultur;2
;;;;;;wirtschaft;1
;;;;;;panorama;4
2007;SPIEGEL;attacke;6;;;;
;;;;keinAutor;3;;
;;;;Stefan Aust;1;;
;;;;Helmar Büchel;1;;
;;;;Cordula Meyer;1;;
;;;;Gregor Peter Schmitz;1;;
;;;;Walter Mayr;1;;
;;;;Matthias Schepp;1;;
;;;;;;politik;5
;;;;;;wirtschaft;1
2007;SPIEGEL;attentat;15;;;;
;;;;keinAutor;7;;
;;;;Ralf Beste;1;;
;;;;Petra Bornhöft;1;;
;;;;Horand Knaup;1;;
;;;;Dirk Kurbjuweit;1;;
;;;;Georg Mascolo;2;;
;;;;Ralf Neukirch;1;;
;;;;Holger Stark;5;;
;;;;Ansgar Mertin;1;;
;;;;Britta Sandberg;2;;
;;;;Christoph Schult;2;;
;;;;Amira El Ahl;1;;
;;;;Daniel Steinvorth;1;;
;;;;Volkhard Windfuhr;1;;
;;;;Bernhard Zand;1;;
;;;;Hussam Ali;1;;
;;;;Matthias Gebauer;2;;
;;;;Mathieu von Rohr;1;;
;;;;Erich Follath;1;;
;;;;;;politik;15
2007;SPIEGEL;tat;26;;;;
;;;;keinAutor;13;;
;;;;Ralf Hoppe;1;;
;;;;Georg Mascolo;2;;
;;;;Bernhard Zand;1;;
;;;;Matthias Bartsch;1;;
;;;;Andrea Brandt;1;;
;;;;Simone Kaiser;2;;
;;;;Gunther Latsch;1;;
;;;;Cordula Meyer;2;;
;;;;Caroline Schmidt;2;;
;;;;Dietmar Hipp;2;;
;;;;Horand Knaup;1;;
;;;;Dirk Kurbjuweit;2;;
;;;;Ralf Neukirch;1;;
;;;;Marcel Rosenbach;2;;
;;;;Christian Neef;1;;
;;;;Matthias Schepp;1;;
;;;;Beat Balzli;1;;
;;;;Frank Hornig;1;;
;;;;Christoph Pauly;1;;
;;;;Stefan Aust;1;;
;;;;Helmar Büchel;1;;
;;;;Erich Follath;1;;
;;;;Holger Stark;1;;
;;;;Dietmar Pieper;1;;
;;;;John Goetz;1;;
;;;;Susanne Koelbl;1;;
;;;;Alexander Szandar;1;;
;;;;Manfred Dworschak;1;;
;;;;Marco Evers;1;;
;;;;Per Hinrichs;1;;
;;;;Alexander Jung;1;;
;;;;Julia Koch;1;;
;;;;Hilmar Schmundt;1;;
;;;;Samiha Shafy;1;;
;;;;Katja Thimm;1;;
;;;;Gregor Peter Schmitz;1;;
;;;;;;politik;20
;;;;;;panorama;4
;;;;;;wirtschaft;1
;;;;;;kultur;1
2007;SPIEGEL;terrorakt;1;;;;
;;;;Dietmar Hipp;1;;
;;;;Caroline Schmidt;1;;
;;;;;;politik;1
2007;SPIEGEL;überfall;6;;;;
;;;;keinAutor;5;;
;;;;Dietmar Hipp;1;;
;;;;Simone Kaiser;1;;
;;;;;;politik;5
;;;;;;kultur;1
2007;STERN;aggression;2;;;;
;;;;keinAutor;2;;
;;;;;;kultur, film;1
;;;;;;kultur, musik;1
2007;STERN;aktion;11;;;;
;;;;keinAutor;4;;
;;;;DPA;4;;
;;;;Ralf Sander;1;;
;;;;AP;1;;
;;;;Thomas Seythal/AP;1;;
;;;;Bernd Teichmann;1;;
;;;;Reuters;2;;
;;;;Steffen Gassel;1;;
;;;;print;1;;
;;;;;;sport, sportwelt;1
;;;;;;kultur, tv;2
;;;;;;politik, deutschland;2
;;;;;;kultur, film;1
;;;;;;kultur, film, cannes;1
;;;;;;wirtschaft, news;2
;;;;;;reise, fernreisen;1
;;;;;;politik, ausland;1
2007;STERN;angriff;10;;;;
;;;;FTD;1;;
;;;;von Horst von Buttlar;1;;
;;;;DPA;4;;
;;;;keinAutor;3;;
;;;;Cornelia Fuchs;1;;
;;;;AP · Reuters;1;;
;;;;Reuters/AP;1;;
;;;;Interview: Michael Streck;1;;
;;;;print;1;;
;;;;;;wirtschaft, news;1
;;;;;;politik, ausland;5
;;;;;;kultur, film;1
;;;;;;kultur, buecher;1
;;;;;;digital, technik;1
;;;;;;politik, geschichte;1
2007;STERN;anschlag;23;;;;
;;;;keinAutor;5;;
;;;;DPA;8;;
;;;;Tilman Gerwien;1;;
;;;;print;4;;
;;;;Hubert Kahl/DPA;1;;
;;;;Hans-Ulrich Jörges;1;;
;;;;DPA · Reuters;2;;
;;;;DPA/Reuters;2;;
;;;;AP · DPA;3;;
;;;;AP/DPA;1;;
;;;;AP;1;;
;;;;Thomas Seythal/AP;1;;
;;;;Cornelia Fuchs;1;;
;;;;AP · DPA · Reuters;1;;
;;;;DPA/AP/Reuters;1;;
;;;;Reuters;1;;
;;;;Steve Holland und Andy Sullivan/Reuters;1;;
;;;;Thomas Seythal/DPA;1;;
;;;;DPA/AP;2;;
;;;;Steffen Gassel;1;;
;;;;;;kultur, tv;1
;;;;;;politik, deutschland;7
;;;;;;politik, ausland;10
;;;;;;panorama;1
;;;;;;politik, geschichte;2
;;;;;;kultur, buecher;1
;;;;;;panorama, verbrechen;1
2007;STERN;attacke;1;;;;
;;;;Hans-Martin Tillack;1;;
;;;;;;politik, deutschland;1
2007;STERN;attentat;6;;;;
;;;;DPA · Reuters;1;;
;;;;DPA/Reuters;1;;
;;;;Florian Güßgen;1;;
;;;;DPA;2;;
;;;;AP;1;;
;;;;Thomas Seythal/AP;1;;
;;;;Reuters;1;;
;;;;Steve Holland und Andy Sullivan/Reuters;1;;
;;;;print;1;;
;;;;;;politik, ausland;3
;;;;;;politik, deutschland;2
;;;;;;kultur, buecher;1
2007;STERN;tat;17;;;;
;;;;print;4;;
;;;;Hans-Ulrich Jörges;1;;
;;;;FTD;1;;
;;;;DPA;4;;
;;;;Norbert Klaschka/DPA;1;;
;;;;AP;1;;
;;;;Thomas Seythal/AP;1;;
;;;;keinAutor;4;;
;;;;Interview: Gerd Elendt, Albrecht Metzger und Ahmet Senyurt;1;;
;;;;Thomas Seythal/DPA;1;;
;;;;AP · DPA;1;;
;;;;AP/DPA;1;;
;;;;Interview: Hans-Peter Schütz;1;;
;;;;Interview: Werner Mathes;1;;
;;;;Hans-Martin Tillack;1;;
;;;;;;politik, deutschland;6
;;;;;;wirtschaft, news;2
;;;;;;digital, computer;1
;;;;;;politik, ausland;3
;;;;;;politik, geschichte;1
;;;;;;panorama, verbrechen;2
;;;;;;gesellschaft;1
;;;;;;lifestyle, leute;1
2007;STERN;überfall;1;;;;
;;;;keinAutor;1;;
;;;;;;politik, deutschland;1
2008;SPIEGEL;aggression;2;;;;
;;;;Matthias Bartsch;1;;
;;;;Rafaela von Bredow;1;;
;;;;Thomas Darnstädt;1;;
;;;;Markus Deggerich;1;;
;;;;Per Hinrichs;1;;
;;;;Simone Kaiser;1;;
;;;;Guido Kleinhubbert;1;;
;;;;Sebastian Knauer;1;;
;;;;Udo Ludwig;1;;
;;;;Roland Nelles;1;;
;;;;Conny Neumann;1;;
;;;;Oliver Rezec;1;;
;;;;Sven Röbel;1;;
;;;;Bruno Schrep;1;;
;;;;Andreas Ulrich;1;;
;;;;Ralf Beste;1;;
;;;;Gabor Steingart;1;;
;;;;;;politik;2
2008;SPIEGEL;aktion;14;;;;
;;;;keinAutor;6;;
;;;;Peter Wensierski;1;;
;;;;Stefan Berg;1;;
;;;;Georg Mascolo;1;;
;;;;Erich Follath;1;;
;;;;Alexander Smoltczyk;1;;
;;;;Andreas Ulrich;1;;
;;;;Andrea Brandt;1;;
;;;;Michael Fröhlingsdorf;1;;
;;;;Udo Ludwig;1;;
;;;;Sven Röbel;1;;
;;;;Marcel Rosenbach;2;;
;;;;Holger Stark;1;;
;;;;Cordula Meyer;1;;
;;;;Bernhard Zand;1;;
;;;;Rüdiger Falksohn;1;;
;;;;Padma Rao;1;;
;;;;Dieter Bednarz;1;;
;;;;Christoph Schult;1;;
;;;;;;panorama;2
;;;;;;kultur;1
;;;;;;politik;11
2008;SPIEGEL;angriff;29;;;;
;;;;Erich Follath;2;;
;;;;Hans Hoyng;2;;
;;;;Daniel Steinvorth;2;;
;;;;Helene Zuber;1;;
;;;;keinAutor;16;;
;;;;Matthias Bartsch;1;;
;;;;Rafaela von Bredow;1;;
;;;;Thomas Darnstädt;1;;
;;;;Markus Deggerich;1;;
;;;;Per Hinrichs;1;;
;;;;Simone Kaiser;1;;
;;;;Guido Kleinhubbert;1;;
;;;;Sebastian Knauer;1;;
;;;;Udo Ludwig;2;;
;;;;Roland Nelles;1;;
;;;;Conny Neumann;1;;
;;;;Oliver Rezec;1;;
;;;;Sven Röbel;1;;
;;;;Bruno Schrep;1;;
;;;;Andreas Ulrich;1;;
;;;;Marcel Rosenbach;3;;
;;;;Holger Stark;3;;
;;;;Christoph Schult;1;;
;;;;Bernhard Zand;3;;
;;;;Beat Balzli;1;;
;;;;Frank Dohmen;1;;
;;;;Klaus-Peter Kerbusk;1;;
;;;;Christian Reiermann;1;;
;;;;Jörg Schmitt;1;;
;;;;Thomas Tuma;1;;
;;;;Georg Mascolo;1;;
;;;;Georg Bönisch;1;;
;;;;Klaus Wiegrefe;1;;
;;;;Marc Hujer;2;;
;;;;Cordula Meyer;3;;
;;;;Gabor Steingart;2;;
;;;;John Goetz;1;;
;;;;Britta Sandberg;2;;
;;;;Klaus Brinkbäumer;1;;
;;;;Gerhard Spörl;1;;
;;;;Rüdiger Falksohn;2;;
;;;;Clemens Höges;1;;
;;;;Juliane von Mittelstaedt;1;;
;;;;Padma Rao;2;;
;;;;Hans-Jürgen Schlamp;1;;
;;;;;;politik;26
;;;;;;panorama;2
;;;;;;kultur;1
2008;SPIEGEL;anschlag;26;;;;
;;;;Erich Follath;2;;
;;;;Hans Hoyng;2;;
;;;;Daniel Steinvorth;1;;
;;;;Helene Zuber;1;;
;;;;keinAutor;18;;
;;;;Britta Sandberg;3;;
;;;;Bernhard Zand;2;;
;;;;Susanne Koelbl;1;;
;;;;Alexander Smoltczyk;1;;
;;;;Andreas Ulrich;1;;
;;;;Gerhard Spörl;1;;
;;;;Ullrich Fichtner;1;;
;;;;John Goetz;1;;
;;;;Marcel Rosenbach;1;;
;;;;Holger Stark;1;;
;;;;Rüdiger Falksohn;2;;
;;;;Clemens Höges;1;;
;;;;Juliane von Mittelstaedt;1;;
;;;;Padma Rao;2;;
;;;;Hans-Jürgen Schlamp;1;;
;;;;;;politik;22
;;;;;;kultur;2
;;;;;;panorama;2
2008;SPIEGEL;attacke;9;;;;
;;;;Erich Follath;3;;
;;;;Hans Hoyng;1;;
;;;;Daniel Steinvorth;1;;
;;;;Helene Zuber;1;;
;;;;keinAutor;5;;
;;;;Cordula Meyer;1;;
;;;;Georg Mascolo;1;;
;;;;Georg Bönisch;1;;
;;;;Klaus Wiegrefe;1;;
;;;;;;politik;8
;;;;;;kultur;1
2008;SPIEGEL;attentat;15;;;;
;;;;Erich Follath;1;;
;;;;Hans Hoyng;2;;
;;;;Daniel Steinvorth;1;;
;;;;Helene Zuber;1;;
;;;;keinAutor;10;;
;;;;Konstantin von Hammerstein;1;;
;;;;Susanne Koelbl;1;;
;;;;Alexander Szandar;1;;
;;;;John Goetz;2;;
;;;;Marcel Rosenbach;1;;
;;;;Britta Sandberg;3;;
;;;;Holger Stark;1;;
;;;;Rüdiger Falksohn;1;;
;;;;Clemens Höges;1;;
;;;;Juliane von Mittelstaedt;1;;
;;;;Padma Rao;1;;
;;;;Hans-Jürgen Schlamp;1;;
;;;;Bernhard Zand;1;;
;;;;Matthias Gebauer;1;;
;;;;;;politik;14
;;;;;;panorama;1
2008;SPIEGEL;tat;29;;;;
;;;;Erich Follath;3;;
;;;;Hans Hoyng;1;;
;;;;Daniel Steinvorth;3;;
;;;;Helene Zuber;1;;
;;;;keinAutor;14;;
;;;;Bernhard Zand;4;;
;;;;Klaus Brinkbäumer;1;;
;;;;Marc Hujer;1;;
;;;;Britta Sandberg;3;;
;;;;Peter Wensierski;1;;
;;;;Stefan Berg;1;;
;;;;Christoph Schult;2;;
;;;;Ralf Beste;1;;
;;;;Jan Fleischhauer;1;;
;;;;Dirk Kurbjuweit;1;;
;;;;Cordula Meyer;1;;
;;;;Gregor Peter Schmitz;2;;
;;;;Michael Sontheimer;1;;
;;;;Gabor Steingart;2;;
;;;;Alexander Smoltczyk;1;;
;;;;Andreas Ulrich;1;;
;;;;Beat Balzli;1;;
;;;;Frank Dohmen;1;;
;;;;Frank Hornig;1;;
;;;;Simone Kaiser;1;;
;;;;Armin Mahler;1;;
;;;;Christoph Pauly;1;;
;;;;Wolfgang Reuter;1;;
;;;;Barbara Schmid;1;;
;;;;Rüdiger Falksohn;1;;
;;;;Padma Rao;1;;
;;;;Dieter Bednarz;1;;
;;;;Matthias Gebauer;1;;
;;;;John Goetz;1;;
;;;;;;politik;24
;;;;;;panorama;2
;;;;;;wissenschaft;1
;;;;;;kultur;1
;;;;;;wirtschaft;1
2008;SPIEGEL;überfall;2;;;;
;;;;Matthias Bartsch;1;;
;;;;Rafaela von Bredow;1;;
;;;;Thomas Darnstädt;1;;
;;;;Markus Deggerich;1;;
;;;;Per Hinrichs;1;;
;;;;Simone Kaiser;1;;
;;;;Guido Kleinhubbert;1;;
;;;;Sebastian Knauer;1;;
;;;;Udo Ludwig;1;;
;;;;Roland Nelles;1;;
;;;;Conny Neumann;1;;
;;;;Oliver Rezec;1;;
;;;;Sven Röbel;1;;
;;;;Bruno Schrep;1;;
;;;;Andreas Ulrich;1;;
;;;;Georg Bönisch;1;;
;;;;Klaus Wiegrefe;1;;
;;;;;;politik;2
2008;STERN;aggression;1;;;;
;;;;Florian Güßgen;1;;
;;;;;;politik, ausland;1
2008;STERN;aktion;10;;;;
;;;;AP;4;;
;;;;AP/spi;1;;
;;;;keinAutor;2;;
;;;;DPA · Reuters;1;;
;;;;DPA/Reuters;1;;
;;;;AP · DPA;1;;
;;;;DPA/AP/AFP;1;;
;;;;cane;1;;
;;;;print;1;;
;;;;AP · DPA · Reuters;1;;
;;;;DPA/AP/Reuters;1;;
;;;;AFP/AP;1;;
;;;;;;panorama, verbrechen;2
;;;;;;kultur, buecher;2
;;;;;;lifestyle, leute;1
;;;;;;politik, ausland;2
;;;;;;kultur, tv;1
;;;;;;wirtschaft, news;2
2008;STERN;angriff;22;;;;
;;;;DPA;4;;
;;;;Anne-Beatrice Clasmann/DPA;1;;
;;;;Reuters;3;;
;;;;print;3;;
;;;;keinAutor;5;;
;;;;Gabriele Chwallek/DPA;1;;
;;;;AP · Reuters;2;;
;;;;joe/Reuters/AP;1;;
;;;;Sophie Albers Ben Chamo;1;;
;;;;Reuters/AP;1;;
;;;;AP · DPA;1;;
;;;;DPA/AP/AFP;1;;
;;;;Interview: Matthias Schmidt;1;;
;;;;Nico Stankewitz;1;;
;;;;Interview: Markus Wanzeck;1;;
;;;;Jan Christoph Wiechmann;1;;
;;;;DPA · Reuters;1;;
;;;;Reuters/DPA;1;;
;;;;AFP/Reuters;1;;
;;;;Stefan Schmitz;1;;
;;;;;;digital, online;1
;;;;;;politik, deutschland;2
;;;;;;kultur, tv;1
;;;;;;politik, ausland;12
;;;;;;fotografie;1
;;;;;;digital, technik;1
;;;;;;kultur, musik;1
;;;;;;sport, olympia, olympia-2008, aktuelles;1
;;;;;;digital, computer;1
;;;;;;gesellschaft;1
2008;STERN;anschlag;27;;;;
;;;;print;4;;
;;;;DPA;6;;
;;;;keinAutor;9;;
;;;;Sophie Albers Ben Chamo;1;;
;;;;AP;1;;
;;;;AP/spi;1;;
;;;;DPA · Reuters;2;;
;;;;DPA/Reuters;1;;
;;;;Hans-Martin Tillack;1;;
;;;;AP · Reuters;1;;
;;;;Reuters/AP;1;;
;;;;AP · DPA;1;;
;;;;DPA/AP/AFP;1;;
;;;;Nico Stankewitz;1;;
;;;;Stefan Schmitz;1;;
;;;;Mitarbeit: Kester Schlenz, Bernd Teichmann;1;;
;;;;Reuters/DPA;1;;
;;;;GesundLeben;1;;
;;;;FTD;1;;
;;;;Interview: Abdreas Hoidn-Borchers und Axel Vornbäumen;1;;
;;;;Reuters;2;;
;;;;;;kultur, film;3
;;;;;;panorama, verbrechen;5
;;;;;;politik, ausland;10
;;;;;;politik, deutschland;3
;;;;;;sport, olympia, olympia-2008, aktuelles;1
;;;;;;kultur, musik;1
;;;;;;kultur, buecher;2
;;;;;;panorama;1
;;;;;;gesundheit;1
2008;STERN;attacke;2;;;;
;;;;print;1;;
;;;;FTD;1;;
;;;;;;kultur, buecher;1
;;;;;;wirtschaft, news;1
2008;STERN;attentat;5;;;;
;;;;keinAutor;2;;
;;;;AP · DPA;1;;
;;;;DPA/AP/AFP;1;;
;;;;print;1;;
;;;;Andreas Hoidn-Borchers;1;;
;;;;;;kultur, kunst;1
;;;;;;politik, ausland;1
;;;;;;wirtschaft, job;1
;;;;;;panorama, weltgeschehen;1
;;;;;;politik, deutschland;1
2008;STERN;tat;26;;;;
;;;;print;6;;
;;;;DPA;6;;
;;;;keinAutor;5;;
;;;;AP;3;;
;;;;AP/spi;1;;
;;;;AP · DPA;2;;
;;;;AP/DPA;1;;
;;;;Till Bartels;1;;
;;;;Ulrike von Bülow;1;;
;;;;Gabriele Chwallek/DPA;1;;
;;;;Sophie Albers Ben Chamo;1;;
;;;;chs/DPA;1;;
;;;;DPA/AP/AFP;1;;
;;;;DPA · Reuters;1;;
;;;;Reuters/DPA;1;;
;;;;Frank Ochmann;1;;
;;;;Interview: Abdreas Hoidn-Borchers und Axel Vornbäumen;1;;
;;;;Andreas Hoidn-Borchers;1;;
;;;;Reuters;2;;
;;;;;;kultur, film;2
;;;;;;panorama;1
;;;;;;politik, ausland;7
;;;;;;kultur, film, berlinale;1
;;;;;;panorama, verbrechen;3
;;;;;;panorama, weltgeschehen;1
;;;;;;gesellschaft;1
;;;;;;reise, deutschland;1
;;;;;;politik, deutschland;3
;;;;;;kultur, tv;1
;;;;;;reise, europa;1
;;;;;;digital, computer;1
;;;;;;sport, olympia, olympia-2008, tagebuch;1
;;;;;;kultur, buecher;1
;;;;;;panorama, wissen, mensch, kolumne-kopfwelten;1
2008;STERN;terrorakt;1;;;;
;;;;Stefan Schmitz;1;;
;;;;print;1;;
;;;;;;gesellschaft;1
2008;STERN;überfall;4;;;;
;;;;Hans-Martin Tillack;1;;
;;;;Nico Stankewitz;1;;
;;;;Stefan Schmitz;1;;
;;;;print;2;;
;;;;Mitarbeit: Kester Schlenz, Bernd Teichmann;1;;
;;;;Joachim Rienhardt;1;;
;;;;;;politik, deutschland;1
;;;;;;sport, olympia, olympia-2008, aktuelles;1
;;;;;;kultur, film;1
;;;;;;panorama, verbrechen;1
2009;SPIEGEL;aktion;13;;;;
;;;;Thomas Darnstädt;3;;
;;;;Christoph Schult;2;;
;;;;keinAutor;4;;
;;;;Dieter Bednarz;2;;
;;;;Erich Follath;2;;
;;;;Matthias Bartsch;1;;
;;;;Frank Dohmen;1;;
;;;;Christoph Pauly;1;;
;;;;Wolfgang Reuter;1;;
;;;;Frank Hornig;1;;
;;;;Martin U. Müller;1;;
;;;;Marcel Rosenbach;2;;
;;;;Hilmar Schmundt;1;;
;;;;Yassin Musharbash;1;;
;;;;Holger Stark;1;;
;;;;Ralf Neukirch;1;;
;;;;René Pfister;1;;
;;;;John Goetz;2;;
;;;;Britta Sandberg;1;;
;;;;Susanne Koelbl;1;;
;;;;Cordula Meyer;1;;
;;;;;;politik;11
;;;;;;panorama;1
;;;;;;wirtschaft;1
2009;SPIEGEL;angriff;26;;;;
;;;;Erich Follath;3;;
;;;;John Goetz;3;;
;;;;Volkhard Windfuhr;2;;
;;;;Bernhard Zand;2;;
;;;;Matthias Gebauer;2;;
;;;;Yassin Musharbash;1;;
;;;;Marcel Rosenbach;4;;
;;;;Holger Stark;2;;
;;;;Thomas Darnstädt;3;;
;;;;Christoph Schult;2;;
;;;;Alexander Szandar;4;;
;;;;keinAutor;10;;
;;;;Klaus Brinkbäumer;1;;
;;;;Hauke Goos;1;;
;;;;Frank Hornig;2;;
;;;;Udo Ludwig;1;;
;;;;Christoph Pauly;1;;
;;;;Susanne Koelbl;6;;
;;;;Matthias Schepp;1;;
;;;;Hans-Jürgen Schlamp;1;;
;;;;Britta Sandberg;1;;
;;;;Dieter Bednarz;1;;
;;;;Mathieu von Rohr;1;;
;;;;Gerhard Spörl;1;;
;;;;Ralf Beste;1;;
;;;;Ulrike Demmer;2;;
;;;;Dirk Kurbjuweit;2;;
;;;;Beat Balzli;1;;
;;;;Michaela Schießl;1;;
;;;;Sohail Nasir;1;;
;;;;Martin U. Müller;1;;
;;;;Hilmar Schmundt;1;;
;;;;Hans Hoyng;1;;
;;;;Hasnain Kazim;1;;
;;;;Cordula Meyer;1;;
;;;;Marc Hujer;1;;
;;;;Andreas Lorenz;1;;
;;;;Walter Mayr;1;;
;;;;Alexander Smoltczyk;1;;
;;;;Daniel Steinvorth;1;;
;;;;;;panorama;1
;;;;;;politik;23
;;;;;;wirtschaft;1
;;;;;;kultur;1
2009;SPIEGEL;anschlag;36;;;;
;;;;Erich Follath;5;;
;;;;John Goetz;3;;
;;;;Volkhard Windfuhr;1;;
;;;;Bernhard Zand;2;;
;;;;Gabor Steingart;4;;
;;;;Klaus Brinkbäumer;2;;
;;;;Britta Sandberg;5;;
;;;;Holger Stark;4;;
;;;;keinAutor;15;;
;;;;Susanne Koelbl;6;;
;;;;Matthias Schepp;1;;
;;;;Hans-Jürgen Schlamp;1;;
;;;;Alexander Szandar;2;;
;;;;Gregor Peter Schmitz;3;;
;;;;Frank Dohmen;1;;
;;;;Thomas Tuma;1;;
;;;;Dieter Bednarz;2;;
;;;;Mathieu von Rohr;1;;
;;;;Gerhard Spörl;1;;
;;;;Ulrike Demmer;2;;
;;;;Konstantin von Hammerstein;1;;
;;;;Ralf Beste;1;;
;;;;Matthias Gebauer;1;;
;;;;Dirk Kurbjuweit;1;;
;;;;Sohail Nasir;1;;
;;;;Jürgen Dahlkamp;1;;
;;;;Yassin Musharbash;2;;
;;;;Marcel Rosenbach;1;;
;;;;Hans Hoyng;1;;
;;;;Hasnain Kazim;1;;
;;;;Mathias Müller von Blumencron;1;;
;;;;;;panorama;2
;;;;;;kultur;4
;;;;;;politik;29
;;;;;;wirtschaft;1
2009;SPIEGEL;attacke;7;;;;
;;;;Cordula Meyer;1;;
;;;;Gregor Peter Schmitz;1;;
;;;;Gabor Steingart;1;;
;;;;John Goetz;1;;
;;;;Marcel Rosenbach;2;;
;;;;Alexander Szandar;2;;
;;;;keinAutor;4;;
;;;;Ulrike Demmer;1;;
;;;;Dirk Kurbjuweit;1;;
;;;;;;politik;6
;;;;;;kultur;1
2009;SPIEGEL;attentat;13;;;;
;;;;Erich Follath;2;;
;;;;John Goetz;1;;
;;;;Volkhard Windfuhr;1;;
;;;;Bernhard Zand;1;;
;;;;keinAutor;7;;
;;;;Matthias Gebauer;1;;
;;;;Yassin Musharbash;1;;
;;;;Marcel Rosenbach;1;;
;;;;Holger Stark;3;;
;;;;Britta Sandberg;1;;
;;;;Matthias Bartsch;1;;
;;;;Frank Dohmen;1;;
;;;;Christoph Pauly;1;;
;;;;Wolfgang Reuter;1;;
;;;;Jürgen Dahlkamp;1;;
;;;;Hans-Jürgen Schlamp;1;;
;;;;;;panorama;2
;;;;;;politik;9
;;;;;;wirtschaft;1
;;;;;;kultur;1
2009;SPIEGEL;tat;34;;;;
;;;;Erich Follath;4;;
;;;;John Goetz;2;;
;;;;Volkhard Windfuhr;2;;
;;;;Bernhard Zand;3;;
;;;;keinAutor;15;;
;;;;Cordula Meyer;2;;
;;;;Gregor Peter Schmitz;3;;
;;;;Gabor Steingart;5;;
;;;;Stefan Berg;1;;
;;;;Christoph Schult;1;;
;;;;Alexander Smoltczyk;1;;
;;;;Michael Sontheimer;1;;
;;;;Peter Wensierski;1;;
;;;;Petra Bornhöft;1;;
;;;;Michael Sauga;1;;
;;;;Hans Hoyng;2;;
;;;;Britta Sandberg;2;;
;;;;Dieter Bednarz;2;;
;;;;Frank Dohmen;1;;
;;;;Thomas Tuma;1;;
;;;;Mathieu von Rohr;1;;
;;;;Gerhard Spörl;1;;
;;;;Beat Balzli;1;;
;;;;Michaela Schießl;1;;
;;;;Thomas Darnstädt;1;;
;;;;Frank Hornig;1;;
;;;;Martin U. Müller;1;;
;;;;Marcel Rosenbach;1;;
;;;;Hilmar Schmundt;1;;
;;;;Hasnain Kazim;1;;
;;;;Susanne Koelbl;1;;
;;;;Matthias Bartsch;1;;
;;;;Christoph Pauly;1;;
;;;;Yassin Musharbash;1;;
;;;;Christoph Biermann;1;;
;;;;Rafaela von Bredow;1;;
;;;;Klaus Brinkbäumer;1;;
;;;;Cathrin Gilbert;1;;
;;;;Maik Großekathöfer;1;;
;;;;Detlef Hacke;1;;
;;;;Beate Lakotta;1;;
;;;;Gerhard Pfeil;1;;
;;;;Frank Thadeusz;1;;
;;;;Markus Verbeet;1;;
;;;;Mathias Müller von Blumencron;1;;
;;;;Dirk Kurbjuweit;1;;
;;;;Merlind Theile;1;;
;;;;;;panorama;1
;;;;;;politik;26
;;;;;;kultur;4
;;;;;;wirtschaft;3
2009;SPIEGEL;terrorakt;1;;;;
;;;;keinAutor;1;;
;;;;;;politik;1
2009;SPIEGEL;überfall;5;;;;
;;;;keinAutor;3;;
;;;;Erich Follath;1;;
;;;;Susanne Koelbl;1;;
;;;;Matthias Schepp;1;;
;;;;Hans-Jürgen Schlamp;1;;
;;;;Alexander Szandar;1;;
;;;;Matthias Gebauer;1;;
;;;;Clemens Höges;1;;
;;;;Simone Kaiser;1;;
;;;;Yassin Musharbash;1;;
;;;;Sven Röbel;1;;
;;;;Holger Stark;1;;
;;;;Peter Wensierski;1;;
;;;;Volkhard Windfuhr;1;;
;;;;Steffen Winter;1;;
;;;;;;politik;5
2009;STERN;aggression;1;;;;
;;;;AP · DPA · Reuters;1;;
;;;;DPA/AP/AFP/Reuters;1;;
;;;;;;politik, ausland;1
2009;STERN;aktion;11;;;;
;;;;Ulrike von Bülow;1;;
;;;;print;4;;
;;;;Bearbeitet von Frank Gerstenberg;1;;
;;;;Tilman Gerwien;1;;
;;;;Steffen Gassel;1;;
;;;;keinAutor;2;;
;;;;Sophie Albers Ben Chamo;2;;
;;;;AP · DPA;1;;
;;;;AP/DPA;1;;
;;;;;;kultur, film, oscar;1
;;;;;;panorama, weltgeschehen;1
;;;;;;gesellschaft;2
;;;;;;politik, wahl;1
;;;;;;politik, ausland;1
;;;;;;lifestyle, mode;1
;;;;;;kultur, film;2
;;;;;;politik, deutschland;2
2009;STERN;angriff;13;;;;
;;;;AP · DPA;3;;
;;;;AP/DPA;2;;
;;;;AFP;2;;
;;;;print;1;;
;;;;AP · Reuters;1;;
;;;;AP/Reuters;1;;
;;;;keinAutor;2;;
;;;;DPA;2;;
;;;;Sophie Albers Ben Chamo;2;;
;;;;nik mit Agenturen;1;;
;;;;AP;2;;
;;;;AFP/AP/DPA;1;;
;;;;;;politik, ausland;5
;;;;;;panorama, weltgeschehen;2
;;;;;;digital, computer;1
;;;;;;lifestyle, leute;1
;;;;;;kultur, film;1
;;;;;;politik, deutschland;2
;;;;;;panorama;1
2009;STERN;anschlag;27;;;;
;;;;AP;4;;
;;;;AP/AFP;1;;
;;;;print;4;;
;;;;AP · DPA;1;;
;;;;DPA/AP;1;;
;;;;AP · Reuters;1;;
;;;;AP/Reuters;1;;
;;;;keinAutor;6;;
;;;;Interview: Martin Knobbe;1;;
;;;;Interview: A. Hoffmann, A. Hoidn-Borchers und A. Petzold;1;;
;;;;DPA;7;;
;;;;Dorothea Hülsmeier, DPA;1;;
;;;;mit Agenturen;1;;
;;;;Devlin Barrett/AP;1;;
;;;;APD;2;;
;;;;Reuters;2;;
;;;;dpa/Reuters/AFP/lk;2;;
;;;;AFP;2;;
;;;;AP · DPA · Reuters;2;;
;;;;DPA/AP/AFP/Reuters;2;;
;;;;;;panorama, verbrechen;8
;;;;;;politik, deutschland;5
;;;;;;panorama, weltgeschehen;1
;;;;;;politik, ausland;9
;;;;;;kultur, tv;2
;;;;;;panorama;2
2009;STERN;attacke;4;;;;
;;;;print;2;;
;;;;Interview: A. Hoffmann, A. Hoidn-Borchers und A. Petzold;1;;
;;;;Sophie Albers Ben Chamo;1;;
;;;;keinAutor;1;;
;;;;;;panorama, weltgeschehen;1
;;;;;;politik, deutschland;2
;;;;;;kultur, film;1
2009;STERN;attentat;10;;;;
;;;;AP · DPA;1;;
;;;;DPA/AP;1;;
;;;;keinAutor;3;;
;;;;print;1;;
;;;;DPA;2;;
;;;;Reuters;2;;
;;;;dpa/Reuters/AFP/lk;2;;
;;;;AP · DPA · Reuters;2;;
;;;;DPA/AP/AFP/Reuters;2;;
;;;;;;politik, deutschland;2
;;;;;;gesellschaft;1
;;;;;;panorama, verbrechen;3
;;;;;;panorama, weltgeschehen;1
;;;;;;politik, ausland;3
2009;STERN;tat;14;;;;
;;;;keinAutor;3;;
;;;;DPA;9;;
;;;;Interview: Martin Knobbe;1;;
;;;;print;1;;
;;;;Interview: A. Hoffmann, A. Hoidn-Borchers und A. Petzold;1;;
;;;;Mitarbeit: Anika Baldzun;1;;
;;;;AP · DPA;1;;
;;;;zen/DPA/AFP/AP;1;;
;;;;AP;1;;
;;;;Devlin Barrett/AP;1;;
;;;;APD;2;;
;;;;Gregor Mayer, DPA;1;;
;;;;;;kultur, tv;1
;;;;;;politik, ausland;4
;;;;;;gesellschaft;1
;;;;;;panorama, verbrechen;3
;;;;;;politik, deutschland;1
;;;;;;panorama;3
;;;;;;panorama, weltgeschehen;1
2009;STERN;terrorakt;3;;;;
;;;;DPA;2;;
;;;;APD;2;;
;;;;Reuters;1;;
;;;;dpa/Reuters/AFP/lk;1;;
;;;;;;politik, ausland;1
;;;;;;panorama;1
;;;;;;panorama, verbrechen;1
2009;STERN;überfall;4;;;;
;;;;print;3;;
;;;;AP · Reuters;1;;
;;;;AP/Reuters;1;;
;;;;;;panorama, weltgeschehen;1
;;;;;;politik, ausland;2
;;;;;;kultur, buecher;1
